"County","State","Year","No. ofBEACHActBeaches","No. ofMonitoredBeaches","Percent ofTotalBeachesMonitored","TotalLengthof MonitoredBeaches(Mi)","No. ofTier 1Beaches","No. ofTier 1MonitoredBeaches","Percent ofTier 1BeachesMonitored","No. ofMonitoredBeacheswithActions","No. ofMonitoredBeacheswithoutActions","Percent ofMonitoredBeachesAffectedby aBeachAction","TotalNo.of BeachActions","No. of Actions Lessthan 1 Day Duration","Percent ofActionsLess than1 DayDuration","No. ofActions of1 DayDuration","Percent ofActions of1 DayDuration","No. ofActions of2 DayDuration","Percent ofActions of2 DayDuration","No. ofActions of3 - 7 DayDuration","Percent ofActions of3 - 7 DayDuration","No. ofActions of8 - 30 DayDuration","Percent  ofActions of8 - 30 DayDuration","No. ofActionsGreaterthan30 DayDuration","Percent ofActionsGreaterthan30 DayDuration","No. ofBeachDays(MonitoredBeaches)","No. ofDaysUndera BeachAction(MonitoredBeaches)","PercentDaysUnder aBeachAction(MonitoredBeaches)","No. ofDaysNot Undera BeachAction(MonitoredBeaches)","PercentDaysNot Under aBeachAction(MonitoredBeaches)"
"ACCOMACK","VA","2018","1","1","100","0","1","1","100","1","0","100","4","0","0","3","75","0","0","1","25","0","0","0","0","153","10","6.54","143","93.46"
"ACCOMACK","VA","2017","1","1","100","0","1","1","100","1","0","100","1","0","0","1","100","0","0","0","0","0","0","0","0","153","1",".65","152","99.35"
"AGUADA","PR","2018","1","1","100","0","1","1","100","1","0","100","4","0","0","1","25","0","0","2","50","1","25","0","0","364","33","9.07","331","90.93"
"AGUADA","PR","2017","1","1","100","0","1","1","100","1","0","100","4","0","0","0","0","0","0","2","50","2","50","0","0","364","28","7.69","336","92.31"
"AGUADILLA","PR","2018","1","1","100","0","1","1","100","1","0","100","3","0","0","0","0","0","0","1","33.33","2","66.67","0","0","364","35","9.62","329","90.38"
"AGUADILLA","PR","2017","1","1","100","0","1","1","100","1","0","100","4","0","0","1","25","0","0","1","25","2","50","0","0","364","45","12.36","319","87.64"
"ALAMEDA","CA","2018","3","3","100","2","3","3","100","2","1","66.67","20","0","0","1","5","4","20","3","15","9","45","3","15","1093","412","37.69","681","62.31"
"ALAMEDA","CA","2017","3","3","100","2","3","3","100","2","1","66.67","29","0","0","1","3.45","3","10.34","11","37.93","12","41.38","2","6.9","1093","534","48.86","559","51.14"
"ALCONA","MI","2018","7","2","28.57","0","0","0","0","0","2","0","0","0","0","0","0","0","0","0","0","0","0","0","0","252","0","0","252","100"
"ALCONA","MI","2017","7","2","28.57","0","0","0","0","0","2","0","0","0","0","0","0","0","0","0","0","0","0","0","0","252","0","0","252","100"
"ALGER","MI","2018","16","0","0","0","0","0","0","0","0","0","0","0","0","0","0","0","0","0","0","0","0","0","0","0","0","0","0","0"
"ALGER","MI","2017","16","0","0","0","0","0","0","0","0","0","0","0","0","0","0","0","0","0","0","0","0","0","0","0","0","0","0","0"
"ALLEGAN","MI","2018","6","5","83.33","3","0","0","0","0","5","0","0","0","0","0","0","0","0","0","0","0","0","0","0","535","0","0","535","100"
"ALLEGAN","MI","2017","6","5","83.33","3","0","0","0","2","3","40","2","0","0","2","100","0","0","0","0","0","0","0","0","535","2",".37","533","99.63"
"ALPENA","MI","2018","14","2","14.29","0","1","1","100","0","2","0","0","0","0","0","0","0","0","0","0","0","0","0","0","188","0","0","188","100"
"ALPENA","MI","2017","14","2","14.29","0","1","1","100","0","2","0","0","0","0","0","0","0","0","0","0","0","0","0","0","188","0","0","188","100"
"ANASCO","PR","2018","1","1","100","0","1","1","100","1","0","100","3","0","0","0","0","0","0","1","33.33","2","66.67","0","0","364","34","9.34","330","90.66"
"ANASCO","PR","2017","1","1","100","0","1","1","100","1","0","100","4","0","0","1","25","0","0","0","0","3","75","0","0","364","35","9.62","329","90.38"
"ANCHORAGE","AK","2018","1","1","100","4","0","0","0","0","1","0","0","0","0","0","0","0","0","0","0","0","0","0","0","-252","0","0","-252","100"
"ANCHORAGE","AK","2017","1","1","100","4","0","0","0","0","1","0","0","0","0","0","0","0","0","0","0","0","0","0","0","-252","0","0","-252","100"
"ANNE ARUNDEL","MD","2018","5","5","100","1","5","5","100","4","1","80","5","0","0","0","0","0","0","5","100","0","0","0","0","490","17","3.47","473","96.53"
"ANNE ARUNDEL","MD","2017","5","5","100","1","5","5","100","0","5","0","0","0","0","0","0","0","0","0","0","0","0","0","0","490","0","0","490","100"
"ANTRIM","MI","2018","16","4","25","1","0","0","0","1","3","25","2","0","0","2","100","0","0","0","0","0","0","0","0","296","2",".68","294","99.32"
"ANTRIM","MI","2017","16","4","25","1","0","0","0","1","3","25","1","0","0","1","100","0","0","0","0","0","0","0","0","296","1",".34","295","99.66"
"ARANSAS","TX","2018","9","1","11.11","1","1","1","100","1","0","100","17","0","0","5","29.41","9","52.94","3","17.65","0","0","0","0","364","37","10.16","327","89.84"
"ARANSAS","TX","2017","9","1","11.11","1","1","1","100","1","0","100","5","0","0","1","20","3","60","0","0","1","20","0","0","364","15","4.12","349","95.88"
"ARECIBO","PR","2018","1","1","100","0","1","1","100","1","0","100","8","0","0","0","0","0","0","3","37.5","5","62.5","0","0","364","121","33.24","243","66.76"
"ARECIBO","PR","2017","1","1","100","0","1","1","100","1","0","100","9","0","0","1","11.11","0","0","4","44.44","3","33.33","1","11.11","364","112","30.77","252","69.23"
"ARENAC","MI","2018","20","8","40","0","4","4","100","4","4","50","5","0","0","0","0","0","0","2","40","2","40","1","20","536","77","14.37","459","85.63"
"ARENAC","MI","2017","20","8","40","0","4","4","100","4","4","50","5","0","0","0","0","1","20","2","40","2","40","0","0","536","28","5.22","508","94.78"
"ARROYO","PR","2018","1","1","100","1","1","1","100","1","0","100","4","0","0","0","0","0","0","3","75","1","25","0","0","364","32","8.79","332","91.21"
"ARROYO","PR","2017","1","1","100","1","1","1","100","1","0","100","7","0","0","1","14.29","0","0","4","57.14","2","28.57","0","0","364","41","11.26","323","88.74"
"ASHLAND","WI","2018","8","3","37.5","0","0","0","0","3","0","100","21","0","0","0","0","2","9.52","11","52.38","7","33.33","1","4.76","294","153","52.04","141","47.96"
"ASHLAND","BR","2018","2","2","100","1","2","2","100","1","1","50","3","0","0","1","33.33","0","0","2","66.67","0","0","0","0","392","13","3.32","379","96.68"
"ASHLAND","WI","2017","8","3","37.5","0","0","0","0","3","0","100","22","0","0","7","31.82","5","22.73","10","45.45","0","0","0","0","294","60","20.41","234","79.59"
"ASHLAND","BR","2017","2","2","100","1","2","2","100","1","1","50","1","0","0","0","0","0","0","1","100","0","0","0","0","392","4","1.02","388","98.98"
"ASHTABULA","OH","2018","4","3","75","1","4","3","75","3","0","100","10","0","0","1","10","7","70","2","20","0","0","0","0","294","10","3.4","284","96.6"
"ASHTABULA","OH","2017","4","3","75","1","4","3","75","3","0","100","4","0","0","0","0","4","100","0","0","0","0","0","0","294","8","2.72","286","97.28"
"ATLANTIC","NJ","2018","86","48","55.81","3","47","47","100","20","28","41.67","25","0","0","25","100","0","0","0","0","0","0","0","0","6384","25",".39","6359","99.61"
"ATLANTIC","NJ","2017","86","48","55.81","3","47","47","100","12","36","25","24","0","0","24","100","0","0","0","0","0","0","0","0","6384","24",".38","6360","99.62"
"BALDWIN","AL","2018","20","20","100","22","8","8","100","5","15","25","11","0","0","2","18.18","0","0","9","81.82","0","0","0","0","3040","43","1.41","2997","98.59"
"BALDWIN","AL","2017","20","20","100","22","8","8","100","8","12","40","12","0","0","3","25","0","0","9","75","0","0","0","0","3040","42","1.38","2998","98.62"
"BALTIMORE","MD","2018","4","4","100","2","0","0","0","0","4","0","0","0","0","0","0","0","0","0","0","0","0","0","0","392","0","0","392","100"
"BALTIMORE","MD","2017","4","4","100","2","0","0","0","0","4","0","0","0","0","0","0","0","0","0","0","0","0","0","0","392","0","0","392","100"
"BARAGA","MI","2018","12","1","8.33","0","0","0","0","1","0","100","2","0","0","1","50","0","0","1","50","0","0","0","0","105","8","7.62","97","92.38"
"BARAGA","MI","2017","12","1","8.33","0","0","0","0","1","0","100","1","0","0","0","0","1","100","0","0","0","0","0","0","105","2","1.9","103","98.1"
"BARNSTABLE","MA","2018","188","188","100","43","0","0","0","15","173","7.98","20","0","0","7","35","3","15","6","30","4","20","0","0","18424","95",".52","18329","99.48"
"BARNSTABLE","MA","2017","188","188","100","43","0","0","0","8","180","4.26","8","0","0","5","62.5","1","12.5","1","12.5","1","12.5","0","0","18424","19",".1","18405","99.9"
"BAY","MI","2018","6","5","83.33","9","0","0","0","3","2","60","4","0","0","3","75","1","25","0","0","0","0","0","0","915","5",".55","910","99.45"
"BAY","FL","2018","16","10","62.5","36","10","10","100","5","5","50","12","0","0","0","0","0","0","6","50","6","50","0","0","2440","104","4.26","2336","95.74"
"BAY","MI","2017","6","5","83.33","9","0","0","0","4","1","80","10","0","0","1","10","2","20","6","60","1","10","0","0","915","50","5.46","865","94.54"
"BAY","FL","2017","16","10","62.5","36","10","10","100","5","5","50","17","0","0","0","0","0","0","13","76.47","4","23.53","0","0","2440","155","6.35","2285","93.65"
"BAYFIELD","WI","2018","19","11","57.89","5","0","0","0","11","0","100","29","0","0","5","17.24","14","48.28","10","34.48","0","0","0","0","1078","76","7.05","1002","92.95"
"BAYFIELD","WI","2017","19","11","57.89","5","0","0","0","4","7","36.36","5","0","0","2","40","1","20","2","40","0","0","0","0","1078","13","1.21","1065","98.79"
"BEAUFORT","NC","2018","10","10","100","4","2","2","100","2","8","20","3","0","0","0","0","0","0","0","0","2","66.67","1","33.33","2140","57","2.66","2083","97.34"
"BEAUFORT","SC","2018","3","3","100","21","0","0","0","0","3","0","0","0","0","0","0","0","0","0","0","0","0","0","0","459","0","0","459","100"
"BEAUFORT","NC","2017","10","10","100","4","2","2","100","3","7","30","3","0","0","2","66.67","0","0","0","0","0","0","1","33.33","2140","44","2.06","2096","97.94"
"BEAUFORT","SC","2017","3","3","100","21","0","0","0","1","2","33.33","1","0","0","1","100","0","0","0","0","0","0","0","0","459","1",".22","458","99.78"
"BENZIE","MI","2018","7","1","14.29","0","0","0","0","0","1","0","0","0","0","0","0","0","0","0","0","0","0","0","0","103","0","0","103","100"
"BENZIE","MI","2017","7","1","14.29","0","0","0","0","0","1","0","0","0","0","0","0","0","0","0","0","0","0","0","0","103","0","0","103","100"
"BERRIEN","MI","2018","21","13","61.9","3","1","1","100","3","10","23.08","5","0","0","5","100","0","0","0","0","0","0","0","0","1300","5",".38","1295","99.62"
"BERRIEN","MI","2017","21","13","61.9","3","1","1","100","0","13","0","0","0","0","0","0","0","0","0","0","0","0","0","0","1300","0","0","1300","100"
"BRAZORIA","TX","2018","10","4","40","19","4","4","100","4","0","100","47","0","0","0","0","15","31.91","32","68.09","0","0","0","0","1456","126","8.65","1330","91.35"
"BRAZORIA","TX","2017","10","4","40","19","4","4","100","4","0","100","36","0","0","0","0","14","38.89","22","61.11","0","0","0","0","1456","94","6.46","1362","93.54"
"BREVARD","FL","2018","27","8","29.63","14","8","8","100","0","8","0","0","0","0","0","0","0","0","0","0","0","0","0","0","1952","0","0","1952","100"
"BREVARD","FL","2017","27","8","29.63","14","8","8","100","0","8","0","0","0","0","0","0","0","0","0","0","0","0","0","0","1952","0","0","1952","100"
"BRISTOL","RI","2018","3","3","100","0","3","3","100","2","1","66.67","2","0","0","2","100","0","0","0","0","0","0","0","0","289","2",".69","287","99.31"
"BRISTOL","MA","2018","27","27","100","7","0","0","0","3","24","11.11","5","0","0","0","0","2","40","3","60","0","0","0","0","2646","25",".94","2621","99.06"
"BRISTOL","RI","2017","3","3","100","0","3","3","100","3","0","100","6","0","0","2","33.33","3","50","1","16.67","0","0","0","0","289","12","4.15","277","95.85"
"BRISTOL","MA","2017","27","27","100","7","0","0","0","8","19","29.63","9","0","0","6","66.67","1","11.11","0","0","2","22.22","0","0","2646","45","1.7","2601","98.3"
"BRISTOL BAY","AK","2018","1","1","100","8","0","0","0","0","1","0","0","0","0","0","0","0","0","0","0","0","0","0","0","-252","0","0","-252","100"
"BRISTOL BAY","AK","2017","1","1","100","8","0","0","0","0","1","0","0","0","0","0","0","0","0","0","0","0","0","0","0","-252","0","0","-252","100"
"BRONX","NY","2018","10","10","100","1","10","10","100","9","1","90","100","0","0","28","28","71","71","1","1","0","0","0","0","1081","177","16.37","904","83.63"
"BRONX","NY","2017","10","10","100","1","10","10","100","10","0","100","58","0","0","5","8.62","20","34.48","21","36.21","7","12.07","5","8.62","1081","569","52.64","512","47.36"
"BROWARD","FL","2018","19","13","68.42","50","13","13","100","4","9","30.77","4","0","0","1","25","0","0","1","25","2","50","0","0","4612","35",".76","4577","99.24"
"BROWARD","FL","2017","19","13","68.42","50","13","13","100","0","13","0","0","0","0","0","0","0","0","0","0","0","0","0","0","4612","0","0","4612","100"
"BROWN","WI","2018","9","0","0","0","0","0","0","0","0","0","0","0","0","0","0","0","0","0","0","0","0","0","0","0","0","0","0","0"
"BROWN","WI","2017","9","0","0","0","0","0","0","0","0","0","0","0","0","0","0","0","0","0","0","0","0","0","0","0","0","0","0","0"
"BRUNSWICK","NC","2018","38","38","100","54","35","35","100","0","38","0","0","0","0","0","0","0","0","0","0","0","0","0","0","8132","0","0","8132","100"
"BRUNSWICK","NC","2017","38","38","100","54","35","35","100","0","38","0","0","0","0","0","0","0","0","0","0","0","0","0","0","8132","0","0","8132","100"
"CABO ROJO","PR","2018","5","5","100","2","5","5","100","5","0","100","7","0","0","0","0","0","0","5","71.43","2","28.57","0","0","1820","58","3.19","1762","96.81"
"CABO ROJO","PR","2017","5","5","100","2","5","5","100","5","0","100","14","0","0","3","21.43","0","0","8","57.14","2","14.29","1","7.14","1820","104","5.71","1716","94.29"
"CALCASIEU","LA","2018","2","2","100","1","2","2","100","2","0","100","6","0","0","1","16.67","0","0","0","0","2","33.33","3","50","366","301","82.24","65","17.76"
"CALCASIEU","LA","2017","2","2","100","1","2","2","100","2","0","100","10","0","0","0","0","0","0","3","30","5","50","2","20","366","203","55.46","163","44.54"
"CALHOUN","TX","2018","18","0","0","0","0","0","0","0","0","0","0","0","0","0","0","0","0","0","0","0","0","0","0","0","0","0","0","0"
"CALHOUN","TX","2017","18","0","0","0","0","0","0","0","0","0","0","0","0","0","0","0","0","0","0","0","0","0","0","0","0","0","0","0"
"CALVERT","MD","2018","4","4","100","1","2","2","100","2","2","50","2","0","0","0","0","0","0","2","100","0","0","0","0","392","14","3.57","378","96.43"
"CALVERT","MD","2017","4","4","100","1","2","2","100","1","3","25","1","0","0","0","0","0","0","0","0","1","100","0","0","392","8","2.04","384","97.96"
"CAMDEN","GA","2018","2","0","0","0","0","0","0","0","0","0","0","0","0","0","0","0","0","0","0","0","0","0","0","0","0","0","0","0"
"CAMDEN","GA","2017","2","0","0","0","0","0","0","0","0","0","0","0","0","0","0","0","0","0","0","0","0","0","0","0","0","0","0","0"
"CAMERON","LA","2018","12","12","100","11","6","6","100","12","0","100","31","0","0","0","0","0","0","0","0","22","70.97","9","29.03","2196","753","34.29","1443","65.71"
"CAMERON","TX","2018","12","9","75","13","9","9","100","2","7","22.22","13","0","0","0","0","10","76.92","3","23.08","0","0","0","0","3276","41","1.25","3235","98.75"
"CAMERON","LA","2017","12","12","100","11","6","6","100","12","0","100","31","0","0","0","0","0","0","13","41.94","2","6.45","16","51.61","2196","933","42.49","1263","57.51"
"CAMERON","TX","2017","12","9","75","13","9","9","100","0","9","0","0","0","0","0","0","0","0","0","0","0","0","0","0","3276","0","0","3276","100"
"CAPE MAY","NJ","2018","129","62","48.06","4","62","62","100","15","47","24.19","16","0","0","16","100","0","0","0","0","0","0","0","0","8246","16",".19","8230","99.81"
"CAPE MAY","NJ","2017","124","62","50","4","62","62","100","4","58","6.45","4","0","0","4","100","0","0","0","0","0","0","0","0","8246","4",".05","8242","99.95"
"CAROLINA","PR","2018","2","2","100","2","2","2","100","1","1","50","1","0","0","0","0","0","0","1","100","0","0","0","0","728","6",".82","722","99.18"
"CAROLINA","PR","2017","2","2","100","2","2","2","100","2","0","100","5","0","0","1","20","0","0","1","20","3","60","0","0","728","31","4.26","697","95.74"
"CARTERET","NC","2018","54","54","100","65","19","19","100","6","48","11.11","7","0","0","3","42.86","2","28.57","1","14.29","1","14.29","0","0","11556","24",".21","11532","99.79"
"CARTERET","NC","2017","54","54","100","65","19","19","100","1","53","1.85","2","0","0","0","0","0","0","0","0","2","100","0","0","11556","33",".29","11523","99.71"
"CAYUGA","NY","2018","2","2","100","2","2","2","100","1","1","50","1","0","0","0","0","1","100","0","0","0","0","0","0","179","2","1.12","177","98.88"
"CAYUGA","NY","2017","2","2","100","2","2","2","100","0","2","0","0","0","0","0","0","0","0","0","0","0","0","0","0","179","0","0","179","100"
"CECIL","MD","2018","1","1","100","0","1","1","100","1","0","100","2","0","0","0","0","0","0","1","50","1","50","0","0","98","21","21.43","77","78.57"
"CECIL","MD","2017","1","1","100","0","1","1","100","1","0","100","4","0","0","0","0","0","0","3","75","1","25","0","0","98","29","29.59","69","70.41"
"CHAMBERS","TX","2018","2","0","0","0","0","0","0","0","0","0","0","0","0","0","0","0","0","0","0","0","0","0","0","0","0","0","0","0"
"CHAMBERS","TX","2017","2","0","0","0","0","0","0","0","0","0","0","0","0","0","0","0","0","0","0","0","0","0","0","0","0","0","0","0"
"CHARLESTON","SC","2018","5","5","100","26","0","0","0","0","5","0","0","0","0","0","0","0","0","0","0","0","0","0","0","765","0","0","765","100"
"CHARLESTON","SC","2017","5","5","100","26","0","0","0","0","5","0","0","0","0","0","0","0","0","0","0","0","0","0","0","765","0","0","765","100"
"CHARLEVOIX","MI","2018","20","12","60","10","0","0","0","2","10","16.67","4","0","0","3","75","1","25","0","0","0","0","0","0","888","5",".56","883","99.44"
"CHARLEVOIX","MI","2017","20","12","60","10","0","0","0","1","11","8.33","2","0","0","2","100","0","0","0","0","0","0","0","0","888","2",".23","886","99.77"
"CHARLOTTE","FL","2018","9","6","66.67","11","6","6","100","2","4","33.33","2","0","0","0","0","0","0","1","50","1","50","0","0","2184","13",".6","2171","99.4"
"CHARLOTTE","FL","2017","9","6","66.67","11","6","6","100","0","6","0","0","0","0","0","0","0","0","0","0","0","0","0","0","2184","0","0","2184","100"
"CHATHAM","GA","2018","13","9","69.23","12","5","5","100","3","6","33.33","4","0","0","0","0","1","25","2","50","0","0","1","25","3060","379","12.39","2685","87.75"
"CHATHAM","GA","2017","13","9","69.23","12","5","5","100","3","6","33.33","3","0","0","0","0","1","33.33","0","0","1","33.33","1","33.33","3060","375","12.25","2690","87.91"
"CHAUTAUQUA","NY","2018","8","8","100","2","2","2","100","5","3","62.5","30","0","0","18","60","8","26.67","4","13.33","0","0","0","0","616","46","7.47","570","92.53"
"CHAUTAUQUA","NY","2017","8","8","100","2","2","2","100","6","2","75","15","0","0","7","46.67","4","26.67","4","26.67","0","0","0","0","616","27","4.38","589","95.62"
"CHEBOYGAN","MI","2018","12","1","8.33","0","0","0","0","0","1","0","0","0","0","0","0","0","0","0","0","0","0","0","0","92","0","0","92","100"
"CHEBOYGAN","MI","2017","12","1","8.33","0","0","0","0","0","1","0","0","0","0","0","0","0","0","0","0","0","0","0","0","92","0","0","92","100"
"CHIPPEWA","MI","2018","26","5","19.23","0","2","2","100","0","5","0","0","0","0","0","0","0","0","0","0","0","0","0","0","552","0","0","552","100"
"CHIPPEWA","MI","2017","26","5","19.23","0","2","2","100","3","2","60","3","0","0","0","0","0","0","3","100","0","0","0","0","552","15","2.72","537","97.28"
"CITRUS","FL","2018","1","0","0","0","0","0","0","0","0","0","0","0","0","0","0","0","0","0","0","0","0","0","0","0","0","0","0","0"
"CITRUS","FL","2017","1","0","0","0","0","0","0","0","0","0","0","0","0","0","0","0","0","0","0","0","0","0","0","0","0","0","0","0"
"CLALLAM","MK","2018","12","5","41.67","6","5","5","100","1","4","20","1","0","0","0","0","0","0","1","100","0","0","0","0","1820","4",".22","1816","99.78"
"CLALLAM","WA","2018","73","3","4.11","4","3","3","100","1","2","33.33","1","0","0","0","0","0","0","1","100","0","0","0","0","315","7","2.22","308","97.78"
"CLALLAM","WA","2017","73","3","4.11","4","3","3","100","0","3","0","0","0","0","0","0","0","0","0","0","0","0","0","0","315","0","0","315","100"
"CLALLAM","MK","2017","12","5","41.67","6","5","5","100","2","3","40","4","0","0","0","0","0","0","4","100","0","0","0","0","1820","22","1.21","1798","98.79"
"CLATSOP","OR","2018","10","5","50","10","5","5","100","2","3","40","6","0","0","3","50","2","33.33","1","16.67","0","0","0","0","509","13","2.55","496","97.45"
"CLATSOP","OR","2017","10","5","50","10","5","5","100","0","5","0","0","0","0","0","0","0","0","0","0","0","0","0","0","509","0","0","509","100"
"COLLIER","FL","2018","56","10","17.86","11","10","10","100","7","3","70","8","0","0","0","0","8","100","0","0","0","0","0","0","3640","14",".38","3626","99.62"
"COLLIER","FL","2017","56","10","17.86","11","10","10","100","1","9","10","1","0","0","1","100","0","0","0","0","0","0","0","0","3640","1",".03","3639","99.97"
"COOK","MN","2018","22","12","54.55","13","0","0","0","1","11","8.33","1","0","0","0","0","0","0","1","100","0","0","0","0","1008","3",".3","1005","99.7"
"COOK","IL","2018","41","38","92.68","8","39","37","94.87","35","3","92.11","276","0","0","211","76.45","49","17.75","16","5.8","0","0","0","0","3817","365","9.56","3452","90.44"
"COOK","GP","2018","12","12","100","2","9","9","100","9","3","75","14","0","0","6","42.86","0","0","8","57.14","0","0","0","0","1452","52","3.58","1400","96.42"
"COOK","GP","2017","12","12","100","2","9","9","100","6","6","50","12","0","0","6","50","0","0","6","50","0","0","0","0","1452","46","3.17","1406","96.83"
"COOK","IL","2017","41","38","92.68","8","39","37","94.87","34","4","89.47","238","0","0","195","81.93","29","12.18","14","5.88","0","0","0","0","3817","283","7.41","3534","92.59"
"COOK","MN","2017","22","12","54.55","13","0","0","0","1","11","8.33","3","0","0","0","0","3","100","0","0","0","0","0","0","1008","6",".6","1002","99.4"
"COOS","OR","2018","7","1","14.29","1","1","1","100","0","1","0","0","0","0","0","0","0","0","0","0","0","0","0","0","102","0","0","102","100"
"COOS","OR","2017","7","1","14.29","1","1","1","100","0","1","0","0","0","0","0","0","0","0","0","0","0","0","0","0","102","0","0","102","100"
"CRAVEN","NC","2018","8","8","100","3","1","1","100","0","8","0","0","0","0","0","0","0","0","0","0","0","0","0","0","1712","0","0","1712","100"
"CRAVEN","NC","2017","8","8","100","3","1","1","100","0","8","0","0","0","0","0","0","0","0","0","0","0","0","0","0","1712","0","0","1712","100"
"CULEBRA","PR","2018","1","1","100","1","1","1","100","0","1","0","0","0","0","0","0","0","0","0","0","0","0","0","0","365","0","0","365","100"
"CULEBRA","PR","2017","1","1","100","1","1","1","100","0","1","0","0","0","0","0","0","0","0","0","0","0","0","0","0","365","0","0","365","100"
"CUMBERLAND","NJ","2018","17","0","0","0","0","0","0","0","0","0","0","0","0","0","0","0","0","0","0","0","0","0","0","0","0","0","0","0"
"CUMBERLAND","ME","2018","20","12","60","5","11","11","100","8","4","66.67","29","0","0","13","44.83","12","41.38","4","13.79","0","0","0","0","1176","51","4.34","1125","95.66"
"CUMBERLAND","ME","2017","10","9","90","4","8","8","100","5","4","55.56","8","0","0","5","62.5","3","37.5","0","0","0","0","0","0","882","11","1.25","871","98.75"
"CURRITUCK","NC","2018","5","5","100","22","5","5","100","0","5","0","0","0","0","0","0","0","0","0","0","0","0","0","0","1070","0","0","1070","100"
"CURRITUCK","NC","2017","5","5","100","22","5","5","100","0","5","0","0","0","0","0","0","0","0","0","0","0","0","0","0","1070","0","0","1070","100"
"CURRY","OR","2018","24","3","12.5","3","3","3","100","1","2","33.33","1","0","0","0","0","0","0","0","0","1","100","0","0","311","21","6.75","290","93.25"
"CURRY","OR","2017","24","3","12.5","3","3","3","100","0","3","0","0","0","0","0","0","0","0","0","0","0","0","0","0","311","0","0","311","100"
"CUYAHOGA","OH","2018","19","18","94.74","7","4","4","100","17","1","94.44","133","0","0","55","41.35","49","36.84","21","15.79","8","6.02","0","0","1774","328","18.49","1446","81.51"
"CUYAHOGA","OH","2017","19","18","94.74","7","4","4","100","16","2","88.89","106","0","0","35","33.02","13","12.26","47","44.34","11","10.38","0","0","1774","313","17.64","1461","82.36"
"DARE","NC","2018","38","38","100","91","38","38","100","7","31","18.42","7","0","0","0","0","0","0","3","42.86","4","57.14","0","0","8132","80",".98","8052","99.02"
"DARE","NC","2017","33","33","100","90","33","33","100","1","32","3.03","1","0","0","0","0","0","0","0","0","0","0","1","100","7062","34",".48","7028","99.52"
"DELTA","MI","2018","30","2","6.67","1","0","0","0","0","2","0","0","0","0","0","0","0","0","0","0","0","0","0","0","210","0","0","210","100"
"DELTA","MI","2017","30","2","6.67","1","0","0","0","1","1","50","2","0","0","1","50","1","50","0","0","0","0","0","0","210","3","1.43","207","98.57"
"DILLINGHAM","AK","2018","1","1","100","1","0","0","0","0","1","0","0","0","0","0","0","0","0","0","0","0","0","0","0","-252","0","0","-252","100"
"DILLINGHAM","AK","2017","1","1","100","1","0","0","0","0","1","0","0","0","0","0","0","0","0","0","0","0","0","0","0","-252","0","0","-252","100"
"DIXIE","FL","2018","1","0","0","0","0","0","0","0","0","0","0","0","0","0","0","0","0","0","0","0","0","0","0","0","0","0","0","0"
"DIXIE","FL","2017","1","0","0","0","0","0","0","0","0","0","0","0","0","0","0","0","0","0","0","0","0","0","0","0","0","0","0","0"
"DOOR","WI","2018","53","32","60.38","6","12","12","100","15","17","46.88","51","0","0","49","96.08","2","3.92","0","0","0","0","0","0","3136","53","1.69","3083","98.31"
"DOOR","WI","2017","53","32","60.38","6","12","12","100","18","14","56.25","64","0","0","57","89.06","5","7.81","2","3.13","0","0","0","0","3136","74","2.36","3062","97.64"
"DORADO","PR","2018","2","2","100","2","2","2","100","1","1","50","5","0","0","0","0","0","0","4","80","1","20","0","0","728","30","4.12","698","95.88"
"DORADO","PR","2017","2","2","100","2","2","2","100","2","0","100","6","0","0","0","0","0","0","2","33.33","4","66.67","0","0","728","70","9.62","658","90.38"
"DOUGLAS","WI","2018","13","7","53.85","5","0","0","0","7","0","100","27","0","0","6","22.22","1","3.7","18","66.67","2","7.41","0","0","686","152","22.16","534","77.84"
"DOUGLAS","WI","2017","13","7","53.85","5","0","0","0","6","1","85.71","22","0","0","1","4.55","1","4.55","18","81.82","2","9.09","0","0","686","150","21.87","536","78.13"
"DUKES","MA","2018","38","38","100","24","0","0","0","2","36","5.26","2","0","0","2","100","0","0","0","0","0","0","0","0","3724","2",".05","3722","99.95"
"DUKES","MA","2017","38","38","100","24","0","0","0","4","34","10.53","5","0","0","3","60","2","40","0","0","0","0","0","0","3724","7",".19","3717","99.81"
"DUVAL","FL","2018","10","10","100","14","10","10","100","0","10","0","0","0","0","0","0","0","0","0","0","0","0","0","0","2440","0","0","2440","100"
"DUVAL","FL","2017","10","10","100","14","10","10","100","0","10","0","0","0","0","0","0","0","0","0","0","0","0","0","0","2440","0","0","2440","100"
"EASTERN DISTRICT","AS","2018","36","36","100","5","17","17","100","35","1","97.22","500","0","0","0","0","5","1","495","99","0","0","0","0","13104","3439","26.24","9665","73.76"
"EASTERN DISTRICT","AS","2017","36","36","100","5","17","17","100","36","0","100","576","0","0","1",".17","0","0","574","99.65","1",".17","0","0","13104","3965","30.26","9139","69.74"
"EMMET","MI","2018","20","11","55","3","0","0","0","0","11","0","0","0","0","0","0","0","0","0","0","0","0","0","0","745","0","0","745","100"
"EMMET","MI","2017","20","11","55","3","0","0","0","2","9","18.18","2","0","0","1","50","0","0","1","50","0","0","0","0","745","6",".81","739","99.19"
"ERIE","OH","2018","22","22","100","20","22","22","100","21","1","95.45","153","0","0","60","39.22","28","18.3","60","39.22","5","3.27","0","0","2244","398","17.74","1846","82.26"
"ERIE","NY","2018","9","7","77.78","3","6","6","100","7","0","100","70","0","0","40","57.14","17","24.29","12","17.14","1","1.43","0","0","595","123","20.67","472","79.33"
"ERIE","PA","2018","12","9","75","2","8","8","100","7","2","77.78","27","0","0","17","62.96","4","14.81","4","14.81","2","7.41","0","0","776","70","9.02","706","90.98"
"ERIE","NY","2017","9","7","77.78","3","6","6","100","7","0","100","84","0","0","33","39.29","31","36.9","19","22.62","1","1.19","0","0","595","176","29.58","419","70.42"
"ERIE","OH","2017","22","22","100","20","22","22","100","22","0","100","129","0","0","61","47.29","15","11.63","50","38.76","3","2.33","0","0","2244","370","16.49","1874","83.51"
"ERIE","PA","2017","11","8","72.73","2","7","7","100","7","1","87.5","46","0","0","28","60.87","16","34.78","2","4.35","0","0","0","0","724","66","9.12","658","90.88"
"ESCAMBIA","FL","2018","11","9","81.82","13","9","9","100","6","3","66.67","31","0","0","0","0","2","6.45","12","38.71","14","45.16","3","9.68","2196","495","22.54","1701","77.46"
"ESCAMBIA","FL","2017","11","9","81.82","13","9","9","100","5","4","55.56","25","0","0","0","0","0","0","7","28","15","60","3","12","2196","462","21.04","1734","78.96"
"ESSEX","MA","2018","77","77","100","21","1","1","100","8","69","10.39","28","0","0","14","50","4","14.29","8","28.57","2","7.14","0","0","7546","86","1.14","7460","98.86"
"ESSEX","MA","2017","77","77","100","21","1","1","100","9","68","11.69","12","0","0","7","58.33","0","0","5","41.67","0","0","0","0","7546","39",".52","7507","99.48"
"FAIRFIELD","CT","2018","29","29","100","8","7","7","100","25","4","86.21","75","0","0","52","69.33","21","28","2","2.67","0","0","0","0","-7743","101","-1.3","-1068","13.79"
"FAIRFIELD","CT","2017","29","29","100","8","7","7","100","18","11","62.07","40","0","0","0","0","34","85","6","15","0","0","0","0","-7743","89","-1.15","-2937","37.93"
"FAJARDO","PR","2018","1","1","100","0","1","1","100","1","0","100","2","0","0","0","0","0","0","2","100","0","0","0","0","364","9","2.47","355","97.53"
"FAJARDO","PR","2017","1","1","100","0","1","1","100","1","0","100","3","0","0","1","33.33","0","0","1","33.33","1","33.33","0","0","364","16","4.4","348","95.6"
"FLAGLER","FL","2018","9","6","66.67","11","6","6","100","0","6","0","0","0","0","0","0","0","0","0","0","0","0","0","0","1584","0","0","1584","100"
"FLAGLER","FL","2017","9","6","66.67","11","6","6","100","0","6","0","0","0","0","0","0","0","0","0","0","0","0","0","0","1584","0","0","1584","100"
"FRANKLIN","FL","2018","7","5","71.43","24","5","5","100","0","5","0","0","0","0","0","0","0","0","0","0","0","0","0","0","1220","0","0","1220","100"
"FRANKLIN","FL","2017","7","5","71.43","24","5","5","100","0","5","0","0","0","0","0","0","0","0","0","0","0","0","0","0","1220","0","0","1220","100"
"GALVESTON","TX","2018","36","23","63.89","60","23","23","100","23","0","100","95","0","0","0","0","67","70.53","28","29.47","0","0","0","0","8372","247","2.95","8125","97.05"
"GALVESTON","TX","2017","36","23","63.89","60","23","23","100","22","1","95.65","96","0","0","1","1.04","84","87.5","11","11.46","0","0","0","0","8372","207","2.47","8165","97.53"
"GEORGETOWN","SC","2018","4","4","100","15","0","0","0","0","4","0","0","0","0","0","0","0","0","0","0","0","0","0","0","612","0","0","612","100"
"GEORGETOWN","SC","2017","4","4","100","15","0","0","0","0","4","0","0","0","0","0","0","0","0","0","0","0","0","0","0","612","0","0","612","100"
"GLOUCESTER","VA","2018","1","1","100","0","1","1","100","0","1","0","0","0","0","0","0","0","0","0","0","0","0","0","0","153","0","0","153","100"
"GLOUCESTER","VA","2017","1","1","100","0","1","1","100","1","0","100","1","0","0","1","100","0","0","0","0","0","0","0","0","153","1",".65","152","99.35"
"GLYNN","GA","2018","20","17","85","24","13","13","100","9","8","52.94","14","0","0","0","0","11","78.57","1","7.14","0","0","2","14.29","5760","753","13.07","5015","87.07"
"GLYNN","GA","2017","20","17","85","24","13","13","100","7","10","41.18","14","0","0","2","14.29","8","57.14","2","14.29","0","0","2","14.29","5760","762","13.23","5008","86.94"
"GOGEBIC","MI","2018","7","0","0","0","0","0","0","0","0","0","1","0","0","0","0","0","0","0","0","1","100","0","0","0","0","0","0","0"
"GOGEBIC","MI","2017","7","0","0","0","0","0","0","0","0","0","0","0","0","0","0","0","0","0","0","0","0","0","0","0","0","0","0","0"
"GRAND TRAVERSE","MI","2018","31","7","22.58","2","0","0","0","3","4","42.86","5","0","0","4","80","1","20","0","0","0","0","0","0","721","6",".83","715","99.17"
"GRAND TRAVERSE","MI","2017","31","7","22.58","2","0","0","0","2","5","28.57","5","0","0","2","40","1","20","1","20","1","20","0","0","721","29","4.02","692","95.98"
"GRAYS HARBOR","WA","2018","70","3","4.29","4","3","3","100","0","3","0","0","0","0","0","0","0","0","0","0","0","0","0","0","315","0","0","315","100"
"GRAYS HARBOR","WA","2017","70","3","4.29","4","3","3","100","0","3","0","0","0","0","0","0","0","0","0","0","0","0","0","0","315","0","0","315","100"
"GUAM","GU","2018","32","31","96.88","15","31","31","100","31","0","100","557","0","0","0","0","0","0","456","81.87","101","18.13","0","0","11284","3853","34.15","7431","65.85"
"GUAM","GU","2017","32","31","96.88","15","31","31","100","31","0","100","565","0","0","0","0","0","0","427","75.58","138","24.42","0","0","11284","3933","34.85","7351","65.15"
"GUANICA","PR","2018","2","2","100","0","2","2","100","2","0","100","2","0","0","0","0","0","0","1","50","1","50","0","0","728","26","3.57","702","96.43"
"GUANICA","PR","2017","2","2","100","0","2","2","100","2","0","100","3","0","0","2","66.67","0","0","0","0","1","33.33","0","0","728","10","1.37","718","98.63"
"GULF","FL","2018","8","6","75","34","6","6","100","1","5","16.67","1","0","0","0","0","0","0","0","0","1","100","0","0","1464","11",".75","1453","99.25"
"GULF","FL","2017","8","6","75","34","6","6","100","1","5","16.67","1","0","0","0","0","0","0","0","0","1","100","0","0","1464","13",".89","1451","99.11"
"HAMPTON","VA","2018","4","4","100","2","4","4","100","2","2","50","4","0","0","2","50","1","25","1","25","0","0","0","0","612","7","1.14","605","98.86"
"HAMPTON","VA","2017","4","4","100","2","4","4","100","2","2","50","3","0","0","3","100","0","0","0","0","0","0","0","0","612","3",".49","609","99.51"
"HANCOCK","ME","2018","16","5","31.25","1","5","5","100","0","5","0","0","0","0","0","0","0","0","0","0","0","0","0","0","490","0","0","490","100"
"HANCOCK","MS","2018","4","4","100","5","2","2","100","4","0","100","9","0","0","0","0","0","0","8","88.89","0","0","1","11.11","840","98","11.67","742","88.33"
"HANCOCK","ME","2017","6","5","83.33","1","5","5","100","0","5","0","0","0","0","0","0","0","0","0","0","0","0","0","0","490","0","0","490","100"
"HANCOCK","MS","2017","4","4","100","5","2","2","100","4","0","100","8","0","0","0","0","3","37.5","2","25","3","37.5","0","0","840","49","5.83","791","94.17"
"HARRIS","TX","2018","8","1","12.5","0","1","1","100","1","0","100","16","0","0","0","0","6","37.5","10","62.5","0","0","0","0","364","42","11.54","322","88.46"
"HARRIS","TX","2017","8","1","12.5","0","1","1","100","1","0","100","11","0","0","0","0","4","36.36","7","63.64","0","0","0","0","364","29","7.97","335","92.03"
"HARRISON","MS","2018","13","13","100","26","11","11","100","12","1","92.31","53","0","0","0","0","0","0","27","50.94","25","47.17","1","1.89","2730","556","20.37","2174","79.63"
"HARRISON","MS","2017","13","13","100","26","11","11","100","13","0","100","56","0","0","0","0","0","0","21","37.5","34","60.71","1","1.79","2730","589","21.58","2141","78.42"
"HAWAII","HI","2018","409","124","30.32","88","47","47","100","124","0","100","3133","0","0","176","5.62","299","9.54","1772","56.56","788","25.15","98","3.13","45136","8736","19.35","36400","80.65"
"HAWAII","HI","2017","409","124","30.32","88","47","47","100","124","0","100","1472","0","0","4",".27","16","1.09","763","51.83","682","46.33","7",".48","45136","5128","11.36","40008","88.64"
"HERNANDO","FL","2018","1","1","100","0","1","1","100","1","0","100","4","0","0","0","0","0","0","3","75","1","25","0","0","244","27","11.07","217","88.93"
"HERNANDO","FL","2017","1","1","100","0","1","1","100","1","0","100","1","0","0","0","0","0","0","1","100","0","0","0","0","244","6","2.46","238","97.54"
"HILLSBOROUGH","FL","2018","9","5","55.56","8","6","5","83.33","5","0","100","22","0","0","0","0","0","0","16","72.73","6","27.27","0","0","1820","179","9.84","1641","90.16"
"HILLSBOROUGH","FL","2017","9","5","55.56","8","6","5","83.33","5","0","100","38","0","0","0","0","0","0","27","71.05","10","26.32","1","2.63","1820","318","17.47","1502","82.53"
"HORRY","SC","2018","9","9","100","30","8","8","100","6","3","66.67","25","0","0","10","40","9","36","6","24","0","0","0","0","1377","50","3.63","1327","96.37"
"HORRY","SC","2017","9","9","100","30","8","8","100","4","5","44.44","7","0","0","2","28.57","4","57.14","1","14.29","0","0","0","0","1377","15","1.09","1362","98.91"
"HOUGHTON","MI","2018","15","7","46.67","1","0","0","0","7","0","100","14","0","0","3","21.43","1","7.14","5","35.71","5","35.71","0","0","735","77","10.48","658","89.52"
"HOUGHTON","MI","2017","15","7","46.67","1","0","0","0","0","7","0","0","0","0","0","0","0","0","0","0","0","0","0","0","735","0","0","735","100"
"HUMACAO","PR","2018","1","1","100","1","1","1","100","1","0","100","5","0","0","0","0","0","0","2","40","3","60","0","0","364","45","12.36","319","87.64"
"HUMACAO","PR","2017","1","1","100","1","1","1","100","1","0","100","7","0","0","1","14.29","0","0","4","57.14","2","28.57","0","0","364","55","15.11","309","84.89"
"HUMBOLDT","CA","2018","5","5","100","8","5","5","100","4","1","80","14","0","0","1","7.14","5","35.71","7","50","1","7.14","0","0","1820","57","3.13","1763","96.87"
"HUMBOLDT","CA","2017","5","5","100","8","5","5","100","5","0","100","23","0","0","0","0","15","65.22","7","30.43","1","4.35","0","0","1820","72","3.96","1748","96.04"
"HURON","MI","2018","24","13","54.17","4","0","0","0","2","11","15.38","3","0","0","1","33.33","2","66.67","0","0","0","0","0","0","1118","5",".45","1113","99.55"
"HURON","MI","2017","24","13","54.17","4","0","0","0","8","5","61.54","10","0","0","8","80","2","20","0","0","0","0","0","0","1118","12","1.07","1106","98.93"
"HYDE","NC","2018","4","4","100","18","4","4","100","0","4","0","0","0","0","0","0","0","0","0","0","0","0","0","0","856","0","0","856","100"
"HYDE","NC","2017","4","4","100","18","4","4","100","0","4","0","0","0","0","0","0","0","0","0","0","0","0","0","0","856","0","0","856","100"
"INDIAN RIVER","FL","2018","17","6","35.29","6","6","6","100","0","6","0","0","0","0","0","0","0","0","0","0","0","0","0","0","2184","0","0","2184","100"
"INDIAN RIVER","FL","2017","17","6","35.29","6","6","6","100","0","6","0","0","0","0","0","0","0","0","0","0","0","0","0","0","2184","0","0","2184","100"
"IOSCO","MI","2018","13","10","76.92","4","3","3","100","0","10","0","0","0","0","0","0","0","0","0","0","0","0","0","0","1132","0","0","1132","100"
"IOSCO","MI","2017","13","10","76.92","4","3","3","100","0","10","0","0","0","0","0","0","0","0","0","0","0","0","0","0","1132","0","0","1132","100"
"IRON","WI","2018","3","0","0","0","0","0","0","0","0","0","3","0","0","0","0","0","0","0","0","0","0","3","100","0","0","0","0","0"
"IRON","WI","2017","3","0","0","0","0","0","0","0","0","0","0","0","0","0","0","0","0","0","0","0","0","0","0","0","0","0","0","0"
"ISLAND","WA","2018","109","3","2.75","1","3","3","100","1","2","33.33","4","0","0","0","0","0","0","1","25","0","0","3","75","315","198","62.86","210","66.67"
"ISLAND","WA","2017","109","3","2.75","1","3","3","100","2","1","66.67","11","0","0","0","0","0","0","4","36.36","3","27.27","4","36.36","315","503","159.68","105","33.33"
"JACKSON","MS","2018","4","4","100","3","4","4","100","4","0","100","13","0","0","0","0","0","0","5","38.46","8","61.54","0","0","840","167","19.88","673","80.12"
"JACKSON","MS","2017","4","4","100","3","4","4","100","4","0","100","15","0","0","0","0","1","6.67","5","33.33","8","53.33","1","6.67","840","175","20.83","665","79.17"
"JEFFERSON","LA","2018","9","8","88.89","8","5","5","100","8","0","100","31","0","0","8","25.81","0","0","0","0","22","70.97","1","3.23","1464","283","19.33","1181","80.67"
"JEFFERSON","TX","2018","2","2","100","24","2","2","100","2","0","100","32","0","0","10","31.25","21","65.63","0","0","1","3.13","0","0","728","66","9.07","662","90.93"
"JEFFERSON","NY","2018","8","8","100","1","2","2","100","4","4","50","18","0","0","1","5.56","12","66.67","5","27.78","0","0","0","0","705","45","6.38","660","93.62"
"JEFFERSON","WA","2018","86","4","4.65","9","4","4","100","1","3","25","1","0","0","0","0","0","0","1","100","0","0","0","0","420","6","1.43","414","98.57"
"JEFFERSON","NY","2017","7","7","100","1","1","1","100","3","4","42.86","8","0","0","0","0","1","12.5","7","87.5","0","0","0","0","605","28","4.63","577","95.37"
"JEFFERSON","WA","2017","86","4","4.65","9","4","4","100","0","4","0","0","0","0","0","0","0","0","0","0","0","0","0","0","420","0","0","420","100"
"JEFFERSON","TX","2017","2","2","100","24","2","2","100","0","2","0","0","0","0","0","0","0","0","0","0","0","0","0","0","728","0","0","728","100"
"JEFFERSON","LA","2017","9","8","88.89","8","5","5","100","8","0","100","19","0","0","0","0","0","0","12","63.16","5","26.32","2","10.53","1464","317","21.65","1147","78.35"
"JUNEAU","AK","2018","1","1","100","0","0","0","0","0","1","0","0","0","0","0","0","0","0","0","0","0","0","0","0","-252","0","0","-252","100"
"JUNEAU","AK","2017","1","1","100","0","0","0","0","0","1","0","0","0","0","0","0","0","0","0","0","0","0","0","0","-252","0","0","-252","100"
"KENAI PENINSULA","AK","2018","3","3","100","2","3","3","100","2","1","66.67","6","0","0","0","0","0","0","3","50","3","50","0","0","198","53","26.77","145","73.23"
"KENAI PENINSULA","AK","2017","3","3","100","2","3","3","100","0","3","0","0","0","0","0","0","0","0","0","0","0","0","0","0","198","0","0","198","100"
"KENOSHA","WI","2018","7","6","85.71","2","0","0","0","6","0","100","40","0","0","24","60","9","22.5","7","17.5","0","0","0","0","588","66","11.22","522","88.78"
"KENOSHA","WI","2017","7","6","85.71","2","0","0","0","6","0","100","23","0","0","13","56.52","6","26.09","4","17.39","0","0","0","0","588","45","7.65","543","92.35"
"KENT","MD","2018","2","2","100","0","0","0","0","2","0","100","5","0","0","1","20","2","40","2","40","0","0","0","0","196","17","8.67","179","91.33"
"KENT","RI","2018","6","6","100","2","5","5","100","3","3","50","9","0","0","1","11.11","2","22.22","6","66.67","0","0","0","0","585","35","5.98","550","94.02"
"KENT","MD","2017","2","2","100","0","0","0","0","0","2","0","0","0","0","0","0","0","0","0","0","0","0","0","0","196","0","0","196","100"
"KENT","RI","2017","6","6","100","2","5","5","100","4","2","66.67","9","0","0","2","22.22","4","44.44","1","11.11","2","22.22","0","0","585","41","7.01","544","92.99"
"KETCHIKAN GATEWAY","AK","2018","13","13","100","3","11","11","100","9","4","69.23","22","0","0","0","0","0","0","15","68.18","7","31.82","0","0","718","191","26.6","806","112.26"
"KETCHIKAN GATEWAY","AK","2017","9","9","100","2","9","9","100","8","1","88.89","12","0","0","0","0","0","0","8","66.67","4","33.33","0","0","1062","119","11.21","943","88.79"
"KEWAUNEE","WI","2018","6","2","33.33","1","0","0","0","0","2","0","0","0","0","0","0","0","0","0","0","0","0","0","0","196","0","0","196","100"
"KEWAUNEE","WI","2017","6","2","33.33","1","0","0","0","2","0","100","4","0","0","4","100","0","0","0","0","0","0","0","0","196","4","2.04","192","97.96"
"KEWEENAW","MI","2018","14","2","14.29","1","0","0","0","2","0","100","6","0","0","4","66.67","1","16.67","1","16.67","0","0","0","0","210","2",".95","208","99.05"
"KEWEENAW","MI","2017","14","2","14.29","1","0","0","0","0","2","0","0","0","0","0","0","0","0","0","0","0","0","0","0","210","0","0","210","100"
"KING","WA","2018","94","10","10.64","7","10","10","100","0","10","0","0","0","0","0","0","0","0","0","0","0","0","0","0","1050","0","0","1050","100"
"KING","WA","2017","94","10","10.64","7","10","10","100","2","8","20","6","0","0","3","50","0","0","1","16.67","2","33.33","0","0","1050","13","1.24","1037","98.76"
"KINGS","NY","2018","6","6","100","4","3","3","100","1","5","16.67","11","0","0","4","36.36","4","36.36","2","18.18","1","9.09","0","0","630","36","5.71","594","94.29"
"KINGS","NY","2017","6","6","100","4","3","3","100","5","1","83.33","18","0","0","4","22.22","4","22.22","9","50","1","5.56","0","0","630","83","13.17","547","86.83"
"KITSAP","WA","2018","167","16","9.58","4","12","12","100","7","9","43.75","17","0","0","0","0","0","0","15","88.24","2","11.76","0","0","1680","89","5.3","1591","94.7"
"KITSAP","WA","2017","167","16","9.58","4","12","12","100","9","7","56.25","14","0","0","0","0","4","28.57","5","35.71","5","35.71","0","0","1680","90","5.36","1590","94.64"
"KLEBERG","TX","2018","7","0","0","0","0","0","0","0","0","0","0","0","0","0","0","0","0","0","0","0","0","0","0","0","0","0","0","0"
"KLEBERG","TX","2017","7","0","0","0","0","0","0","0","0","0","0","0","0","0","0","0","0","0","0","0","0","0","0","0","0","0","0","0"
"KNOX","ME","2018","7","3","42.86","0","3","3","100","1","2","33.33","2","0","0","2","100","0","0","0","0","0","0","0","0","294","2",".68","292","99.32"
"KNOX","ME","2017","4","3","75","0","3","3","100","1","2","33.33","1","0","0","0","0","0","0","1","100","0","0","0","0","294","4","1.36","290","98.64"
"LAJAS","PR","2018","1","1","100","0","1","1","100","0","1","0","0","0","0","0","0","0","0","0","0","0","0","0","0","364","0","0","364","100"
"LAJAS","PR","2017","1","1","100","0","1","1","100","0","1","0","0","0","0","0","0","0","0","0","0","0","0","0","0","364","0","0","364","100"
"LAKE","MN","2018","23","10","43.48","7","0","0","0","6","4","60","9","0","0","0","0","4","44.44","4","44.44","1","11.11","0","0","840","36","4.29","804","95.71"
"LAKE","IL","2018","16","12","75","8","14","10","71.43","12","0","100","46","0","0","34","73.91","4","8.7","8","17.39","0","0","0","0","1249","79","6.33","1170","93.67"
"LAKE","OH","2018","2","2","100","4","2","2","100","2","0","100","24","0","0","13","54.17","9","37.5","2","8.33","0","0","0","0","212","37","17.45","175","82.55"
"LAKE","IN","2018","10","10","100","12","2","2","100","9","1","90","75","0","0","53","70.67","10","13.33","12","16","0","0","0","0","996","114","11.45","882","88.55"
"LAKE","OH","2017","2","2","100","4","2","2","100","2","0","100","34","0","0","15","44.12","9","26.47","10","29.41","0","0","0","0","212","72","33.96","140","66.04"
"LAKE","IN","2017","10","10","100","12","2","2","100","8","2","80","53","0","0","50","94.34","3","5.66","0","0","0","0","0","0","996","56","5.62","940","94.38"
"LAKE","IL","2017","16","12","75","8","14","10","71.43","12","0","100","49","0","0","25","51.02","2","4.08","21","42.86","1","2.04","0","0","1249","139","11.13","1110","88.87"
"LAKE","MN","2017","23","10","43.48","7","0","0","0","3","7","30","3","0","0","1","33.33","1","33.33","1","33.33","0","0","0","0","840","8",".95","832","99.05"
"LANE","OR","2018","12","1","8.33","1","2","1","50","0","1","0","0","0","0","0","0","0","0","0","0","0","0","0","0","102","0","0","102","100"
"LANE","OR","2017","12","1","8.33","1","2","1","50","0","1","0","0","0","0","0","0","0","0","0","0","0","0","0","0","102","0","0","102","100"
"LAPORTE","IN","2018","8","7","87.5","4","1","1","100","7","0","100","26","0","0","15","57.69","8","30.77","2","7.69","0","0","1","3.85","739","37","5.01","702","94.99"
"LAPORTE","IN","2017","8","7","87.5","4","1","1","100","7","0","100","29","0","0","21","72.41","0","0","8","27.59","0","0","0","0","739","45","6.09","694","93.91"
"LEE","FL","2018","19","12","63.16","15","12","12","100","4","8","33.33","4","0","0","0","0","0","0","4","100","0","0","0","0","4368","19",".43","4349","99.57"
"LEE","FL","2017","19","12","63.16","15","12","12","100","0","12","0","0","0","0","0","0","0","0","0","0","0","0","0","0","4368","0","0","4368","100"
"LEELANAU","MI","2018","36","6","16.67","2","0","0","0","2","4","33.33","2","0","0","2","100","0","0","0","0","0","0","0","0","606","2",".33","604","99.67"
"LEELANAU","MI","2017","36","6","16.67","2","0","0","0","2","4","33.33","3","0","0","2","66.67","1","33.33","0","0","0","0","0","0","606","4",".66","602","99.34"
"LEVY","FL","2018","2","0","0","0","0","0","0","0","0","0","0","0","0","0","0","0","0","0","0","0","0","0","0","0","0","0","0","0"
"LEVY","FL","2017","2","0","0","0","0","0","0","0","0","0","0","0","0","0","0","0","0","0","0","0","0","0","0","0","0","0","0","0"
"LIBERTY","GA","2018","1","0","0","0","0","0","0","0","0","0","0","0","0","0","0","0","0","0","0","0","0","0","0","0","0","0","0","0"
"LIBERTY","GA","2017","1","0","0","0","0","0","0","0","0","0","0","0","0","0","0","0","0","0","0","0","0","0","0","0","0","0","0","0"
"LINCOLN","OR","2018","23","4","17.39","5","4","4","100","4","0","100","6","0","0","0","0","0","0","5","83.33","1","16.67","0","0","408","30","7.35","378","92.65"
"LINCOLN","ME","2018","1","1","100","0","1","1","100","0","1","0","0","0","0","0","0","0","0","0","0","0","0","0","0","98","0","0","98","100"
"LINCOLN","ME","2017","1","1","100","0","1","1","100","0","1","0","0","0","0","0","0","0","0","0","0","0","0","0","0","98","0","0","98","100"
"LINCOLN","OR","2017","23","4","17.39","5","4","4","100","0","4","0","0","0","0","0","0","0","0","0","0","0","0","0","0","408","0","0","408","100"
"LOIZA","PR","2018","1","1","100","0","1","1","100","1","0","100","3","0","0","0","0","0","0","0","0","3","100","0","0","364","33","9.07","331","90.93"
"LOIZA","PR","2017","1","1","100","0","1","1","100","1","0","100","4","0","0","0","0","0","0","2","50","2","50","0","0","364","29","7.97","335","92.03"
"LORAIN","OH","2018","2","2","100","4","2","2","100","2","0","100","24","0","0","9","37.5","6","25","6","25","3","12.5","0","0","202","78","38.61","124","61.39"
"LORAIN","OH","2017","2","2","100","4","2","2","100","2","0","100","18","0","0","7","38.89","1","5.56","9","50","1","5.56","0","0","202","59","29.21","143","70.79"
"LOS ANGELES","CA","2018","34","34","100","43","34","34","100","32","2","94.12","612","0","0","106","17.32","113","18.46","375","61.27","16","2.61","2",".33","12376","2071","16.73","10305","83.27"
"LOS ANGELES","CA","2017","33","33","100","42","33","33","100","32","1","96.97","488","0","0","137","28.07","85","17.42","193","39.55","72","14.75","1",".2","12012","1958","16.3","10054","83.7"
"LUCAS","OH","2018","3","3","100","3","3","3","100","2","1","66.67","23","0","0","7","30.43","3","13.04","10","43.48","3","13.04","0","0","324","113","34.88","211","65.12"
"LUCAS","OH","2017","3","3","100","3","3","3","100","2","1","66.67","26","0","0","11","42.31","1","3.85","14","53.85","0","0","0","0","324","74","22.84","250","77.16"
"LUCE","MI","2018","16","0","0","0","0","0","0","0","0","0","0","0","0","0","0","0","0","0","0","0","0","0","0","0","0","0","0","0"
"LUCE","MI","2017","16","0","0","0","0","0","0","0","0","0","0","0","0","0","0","0","0","0","0","0","0","0","0","0","0","0","0","0"
"LUQUILLO","PR","2018","2","2","100","1","2","2","100","0","2","0","0","0","0","0","0","0","0","0","0","0","0","0","0","728","0","0","728","100"
"LUQUILLO","PR","2017","2","2","100","1","2","2","100","1","1","50","1","0","0","0","0","0","0","0","0","1","100","0","0","728","8","1.1","720","98.9"
"MACKINAC","MI","2018","37","2","5.41","1","0","0","0","1","1","50","2","0","0","1","50","0","0","1","50","0","0","0","0","210","4","1.9","206","98.1"
"MACKINAC","MI","2017","37","2","5.41","1","0","0","0","0","2","0","0","0","0","0","0","0","0","0","0","0","0","0","0","210","0","0","210","100"
"MACOMB","MI","2018","3","3","100","0","3","3","100","3","0","100","12","0","0","6","50","1","8.33","3","25","1","8.33","1","8.33","459","75","16.34","384","83.66"
"MACOMB","MI","2017","3","3","100","0","3","3","100","3","0","100","9","0","0","4","44.44","0","0","2","22.22","2","22.22","1","11.11","459","94","20.48","365","79.52"
"MANATEE","FL","2018","13","7","53.85","4","7","7","100","2","5","28.57","3","0","0","0","0","0","0","1","33.33","2","66.67","0","0","2548","28","1.1","2520","98.9"
"MANATEE","FL","2017","13","7","53.85","4","7","7","100","1","6","14.29","2","0","0","0","0","0","0","0","0","2","100","0","0","2548","25",".98","2523","99.02"
"MANATI","PR","2018","1","1","100","0","1","1","100","1","0","100","2","0","0","0","0","0","0","2","100","0","0","0","0","364","9","2.47","355","97.53"
"MANATI","PR","2017","1","1","100","0","1","1","100","1","0","100","1","0","0","0","0","0","0","0","0","1","100","0","0","364","8","2.2","356","97.8"
"MANISTEE","MI","2018","10","8","80","1","0","0","0","0","8","0","0","0","0","0","0","0","0","0","0","0","0","0","0","784","0","0","784","100"
"MANISTEE","MI","2017","10","8","80","1","0","0","0","0","8","0","0","0","0","0","0","0","0","0","0","0","0","0","0","784","0","0","784","100"
"MANITOWOC","WI","2018","16","11","68.75","6","0","0","0","10","1","90.91","32","0","0","24","75","0","0","6","18.75","1","3.13","1","3.13","1078","62","5.75","1016","94.25"
"MANITOWOC","WI","2017","16","11","68.75","6","0","0","0","11","0","100","31","0","0","29","93.55","2","6.45","0","0","0","0","0","0","1078","30","2.78","1048","97.22"
"MANU'A DISTRICT","AS","2018","5","5","100","1","0","0","0","0","5","0","0","0","0","0","0","0","0","0","0","0","0","0","0","1820","0","0","1820","100"
"MANU'A DISTRICT","AS","2017","5","5","100","1","0","0","0","2","3","40","5","0","0","0","0","0","0","3","60","2","40","0","0","1820","81","4.45","1739","95.55"
"MARIN","CA","2018","15","15","100","13","15","15","100","13","2","86.67","37","0","0","0","0","0","0","31","83.78","6","16.22","0","0","3195","296","9.26","2899","90.74"
"MARIN","CA","2017","15","15","100","13","15","15","100","9","6","60","25","0","0","0","0","0","0","14","56","10","40","1","4","3195","281","8.79","2914","91.21"
"MARINETTE","WI","2018","5","0","0","0","0","0","0","0","0","0","0","0","0","0","0","0","0","0","0","0","0","0","0","0","0","0","0","0"
"MARINETTE","WI","2017","5","0","0","0","0","0","0","0","0","0","0","0","0","0","0","0","0","0","0","0","0","0","0","0","0","0","0","0"
"MARQUETTE","MI","2018","7","5","71.43","2","0","0","0","0","5","0","0","0","0","0","0","0","0","0","0","0","0","0","0","560","0","0","560","100"
"MARQUETTE","MI","2017","7","5","71.43","2","0","0","0","0","5","0","0","0","0","0","0","0","0","0","0","0","0","0","0","560","0","0","560","100"
"MARTIN","FL","2018","21","8","38.1","21","8","8","100","1","7","12.5","1","0","0","0","0","0","0","0","0","1","100","0","0","2912","20",".69","2892","99.31"
"MARTIN","FL","2017","21","8","38.1","21","8","8","100","1","7","12.5","1","0","0","0","0","0","0","0","0","0","0","1","100","2912","76","2.61","2836","97.39"
"MASON","MI","2018","11","7","63.64","2","0","0","0","0","7","0","0","0","0","0","0","0","0","0","0","0","0","0","0","686","0","0","686","100"
"MASON","WA","2018","62","4","6.45","1","4","4","100","0","4","0","1","0","0","0","0","0","0","0","0","0","0","1","100","420","0","0","420","100"
"MASON","WA","2017","62","4","6.45","1","4","4","100","1","3","25","2","0","0","0","0","0","0","1","50","0","0","1","50","420","6","1.43","414","98.57"
"MASON","MI","2017","11","7","63.64","2","0","0","0","0","7","0","0","0","0","0","0","0","0","0","0","0","0","0","0","686","0","0","686","100"
"MATAGORDA","TX","2018","12","3","25","13","3","3","100","3","0","100","43","0","0","0","0","16","37.21","27","62.79","0","0","0","0","1092","114","10.44","978","89.56"
"MATAGORDA","TX","2017","12","3","25","13","3","3","100","3","0","100","27","0","0","0","0","13","48.15","14","51.85","0","0","0","0","1092","68","6.23","1024","93.77"
"MATHEWS","VA","2018","1","1","100","1","1","1","100","1","0","100","2","0","0","2","100","0","0","0","0","0","0","0","0","153","2","1.31","151","98.69"
"MATHEWS","VA","2017","1","1","100","1","1","1","100","1","0","100","2","0","0","2","100","0","0","0","0","0","0","0","0","153","2","1.31","151","98.69"
"MCINTOSH","GA","2018","6","2","33.33","1","0","0","0","0","2","0","0","0","0","0","0","0","0","0","0","0","0","0","0","360","0","0","360","100"
"MCINTOSH","GA","2017","6","2","33.33","1","0","0","0","0","2","0","0","0","0","0","0","0","0","0","0","0","0","0","0","360","0","0","360","100"
"MENDOCINO","CA","2018","3","3","100","1","3","3","100","3","0","100","3","0","0","0","0","3","100","0","0","0","0","0","0","1092","6",".55","1086","99.45"
"MENDOCINO","CA","2017","3","3","100","1","3","3","100","0","3","0","0","0","0","0","0","0","0","0","0","0","0","0","0","1092","0","0","1092","100"
"MENOMINEE","MI","2018","8","2","25","0","0","0","0","0","2","0","0","0","0","0","0","0","0","0","0","0","0","0","0","210","0","0","210","100"
"MENOMINEE","MI","2017","8","2","25","0","0","0","0","0","2","0","0","0","0","0","0","0","0","0","0","0","0","0","0","210","0","0","210","100"
"MIAMI-DADE","FL","2018","19","16","84.21","17","16","16","100","11","5","68.75","16","0","0","2","12.5","0","0","12","75","2","12.5","0","0","5704","98","1.72","5606","98.28"
"MIAMI-DADE","FL","2017","19","16","84.21","17","16","16","100","9","7","56.25","10","0","0","1","10","1","10","8","80","0","0","0","0","5704","46",".81","5658","99.19"
"MIDDLESEX","NJ","2018","4","0","0","0","0","0","0","0","0","0","0","0","0","0","0","0","0","0","0","0","0","0","0","0","0","0","0","0"
"MIDDLESEX","CT","2018","4","4","100","1","4","4","100","3","1","75","3","0","0","3","100","0","0","0","0","0","0","0","0","-1068","3","-.28","-267","25"
"MIDDLESEX","CT","2017","4","4","100","1","4","4","100","2","2","50","3","0","0","0","0","0","0","3","100","0","0","0","0","-1068","10","-.94","-534","50"
"MILWAUKEE","WI","2018","13","9","69.23","3","2","2","100","9","0","100","112","0","0","64","57.14","23","20.54","25","22.32","0","0","0","0","882","185","20.98","697","79.02"
"MILWAUKEE","WI","2017","13","9","69.23","3","2","2","100","8","1","88.89","78","0","0","50","64.1","11","14.1","17","21.79","0","0","0","0","882","137","15.53","745","84.47"
"MOBILE","AL","2018","4","4","100","6","0","0","0","2","2","50","4","0","0","2","50","0","0","2","50","0","0","0","0","608","14","2.3","594","97.7"
"MOBILE","AL","2017","4","4","100","6","0","0","0","2","2","50","6","0","0","5","83.33","1","16.67","0","0","0","0","0","0","608","7","1.15","601","98.85"
"MONMOUTH","NJ","2018","96","44","45.83","3","45","44","97.78","23","21","52.27","67","0","0","67","100","0","0","0","0","0","0","0","0","5852","67","1.14","5785","98.86"
"MONMOUTH","NJ","2017","75","44","58.67","3","45","44","97.78","23","21","52.27","44","0","0","44","100","0","0","0","0","0","0","0","0","5852","44",".75","5808","99.25"
"MONROE","NY","2018","5","5","100","4","5","5","100","5","0","100","26","0","0","9","34.62","15","57.69","2","7.69","0","0","0","0","381","46","12.07","335","87.93"
"MONROE","MI","2018","2","2","100","1","1","1","100","2","0","100","4","0","0","4","100","0","0","0","0","0","0","0","0","202","4","1.98","198","98.02"
"MONROE","FL","2018","39","12","30.77","4","12","12","100","5","7","41.67","9","0","0","0","0","3","33.33","1","11.11","4","44.44","1","11.11","4248","116","2.73","4132","97.27"
"MONROE","FL","2017","39","12","30.77","4","12","12","100","7","5","58.33","10","0","0","0","0","0","0","0","0","10","100","0","0","4248","168","3.95","4080","96.05"
"MONROE","MI","2017","2","2","100","1","1","1","100","1","1","50","1","0","0","0","0","0","0","1","100","0","0","0","0","202","7","3.47","195","96.53"
"MONROE","NY","2017","5","5","100","4","5","5","100","5","0","100","21","0","0","6","28.57","7","33.33","7","33.33","1","4.76","0","0","410","63","15.37","347","84.63"
"MONTEREY","CA","2018","8","8","100","5","8","8","100","6","2","75","17","0","0","17","100","0","0","0","0","0","0","0","0","1704","17","1","1687","99"
"MONTEREY","CA","2017","8","8","100","5","8","8","100","0","8","0","0","0","0","0","0","0","0","0","0","0","0","0","0","1704","0","0","1704","100"
"MONTMORENCY","MI","2018","1","0","0","0","0","0","0","0","0","0","0","0","0","0","0","0","0","0","0","0","0","0","0","0","0","0","0","0"
"MONTMORENCY","MI","2017","1","0","0","0","0","0","0","0","0","0","0","0","0","0","0","0","0","0","0","0","0","0","0","0","0","0","0","0"
"MUSKEGON","MI","2018","13","13","100","9","0","0","0","1","12","7.69","2","0","0","1","50","1","50","0","0","0","0","0","0","1326","3",".23","1323","99.77"
"MUSKEGON","MI","2017","13","13","100","9","0","0","0","2","11","15.38","2","0","0","2","100","0","0","0","0","0","0","0","0","1326","2",".15","1324","99.85"
"NAGUABO","PR","2018","1","1","100","0","1","1","100","1","0","100","10","0","0","1","10","0","0","5","50","4","40","0","0","364","106","29.12","258","70.88"
"NAGUABO","PR","2017","1","1","100","0","1","1","100","1","0","100","7","0","0","1","14.29","0","0","0","0","6","85.71","0","0","364","110","30.22","254","69.78"
"NANTUCKET","MA","2018","14","14","100","3","0","0","0","1","13","7.14","1","0","0","1","100","0","0","0","0","0","0","0","0","1372","1",".07","1371","99.93"
"NANTUCKET","MA","2017","14","14","100","3","0","0","0","1","13","7.14","1","0","0","0","0","0","0","1","100","0","0","0","0","1372","5",".36","1367","99.64"
"NASSAU","NY","2018","70","69","98.57","36","12","12","100","26","43","37.68","190","0","0","157","82.63","29","15.26","1",".53","2","1.05","1",".53","6900","362","5.25","6539","94.77"
"NASSAU","FL","2018","28","7","25","5","7","7","100","0","7","0","0","0","0","0","0","0","0","0","0","0","0","0","0","1708","0","0","1708","100"
"NASSAU","NY","2017","70","69","98.57","36","12","12","100","21","48","30.43","156","0","0","100","64.1","44","28.21","11","7.05","0","0","1",".64","6900","328","4.75","6572","95.25"
"NASSAU","FL","2017","28","7","25","5","7","7","100","0","7","0","0","0","0","0","0","0","0","0","0","0","0","0","0","1708","0","0","1708","100"
"NEW HANOVER","NC","2018","21","21","100","35","19","19","100","0","21","0","0","0","0","0","0","0","0","0","0","0","0","0","0","4494","0","0","4494","100"
"NEW HANOVER","NC","2017","21","21","100","35","19","19","100","0","21","0","0","0","0","0","0","0","0","0","0","0","0","0","0","4494","0","0","4494","100"
"NEW HAVEN","CT","2018","26","26","100","5","25","25","100","5","21","19.23","6","0","0","1","16.67","5","83.33","0","0","0","0","0","0","-6942","11","-.16","-5607","80.77"
"NEW HAVEN","CT","2017","26","26","100","5","25","25","100","9","17","34.62","12","0","0","0","0","4","33.33","7","58.33","1","8.33","0","0","-6942","39","-.56","-4539","65.38"
"NEW LONDON","CT","2018","13","13","100","2","12","12","100","6","7","46.15","8","0","0","3","37.5","4","50","1","12.5","0","0","0","0","-3471","16","-.46","-1869","53.85"
"NEW LONDON","CT","2017","13","13","100","2","12","12","100","3","10","23.08","5","0","0","1","20","1","20","3","60","0","0","0","0","-3471","16","-.46","-2670","76.92"
"NEWPORT","RI","2018","15","15","100","5","4","4","100","3","12","20","4","0","0","1","25","0","0","2","50","1","25","0","0","1453","17","1.17","1436","98.83"
"NEWPORT","RI","2017","15","15","100","5","4","4","100","3","12","20","6","0","0","3","50","3","50","0","0","0","0","0","0","1453","9",".62","1444","99.38"
"NEWPORT NEWS","VA","2018","4","4","100","1","4","4","100","4","0","100","16","0","0","11","68.75","2","12.5","1","6.25","2","12.5","0","0","612","34","5.56","578","94.44"
"NEWPORT NEWS","VA","2017","4","4","100","1","4","4","100","4","0","100","37","0","0","23","62.16","8","21.62","1","2.7","4","10.81","1","2.7","612","112","18.3","500","81.7"
"NIAGARA","NY","2018","2","2","100","1","2","2","100","2","0","100","5","0","0","1","20","4","80","0","0","0","0","0","0","173","9","5.2","164","94.8"
"NIAGARA","NY","2017","1","1","100","0","1","1","100","1","0","100","2","0","0","0","0","1","50","1","50","0","0","0","0","73","7","9.59","66","90.41"
"NORFOLK","VA","2018","10","10","100","7","10","10","100","10","0","100","25","0","0","19","76","0","0","6","24","0","0","0","0","1530","61","3.99","1469","96.01"
"NORFOLK","MA","2018","22","22","100","5","4","4","100","9","13","40.91","70","0","0","53","75.71","5","7.14","10","14.29","2","2.86","0","0","2156","138","6.4","2018","93.6"
"NORFOLK","MA","2017","22","22","100","5","4","4","100","10","12","45.45","55","0","0","42","76.36","5","9.09","7","12.73","1","1.82","0","0","2156","88","4.08","2068","95.92"
"NORFOLK","VA","2017","10","10","100","7","10","10","100","9","1","90","13","0","0","10","76.92","2","15.38","1","7.69","0","0","0","0","1530","17","1.11","1513","98.89"
"NORTHAMPTON","VA","2018","2","2","100","1","2","2","100","1","1","50","3","0","0","3","100","0","0","0","0","0","0","0","0","306","3",".98","303","99.02"
"NORTHAMPTON","VA","2017","2","2","100","1","2","2","100","1","1","50","3","0","0","2","66.67","1","33.33","0","0","0","0","0","0","306","4","1.31","302","98.69"
"NUECES","TX","2018","43","17","39.53","27","17","17","100","15","2","88.24","249","0","0","67","26.91","143","57.43","29","11.65","9","3.61","1",".4","6188","930","15.03","5262","85.04"
"NUECES","TX","2017","43","17","39.53","27","17","17","100","12","5","70.59","148","0","0","44","29.73","92","62.16","12","8.11","0","0","0","0","6188","264","4.27","5924","95.73"
"OCEAN","NJ","2018","102","62","60.78","4","62","62","100","17","45","27.42","41","0","0","41","100","0","0","0","0","0","0","0","0","8236","41",".5","8195","99.5"
"OCEAN","NJ","2017","102","62","60.78","4","62","62","100","17","45","27.42","29","0","0","29","100","0","0","0","0","0","0","0","0","8236","29",".35","8207","99.65"
"OCEANA","MI","2018","8","5","62.5","1","0","0","0","0","5","0","0","0","0","0","0","0","0","0","0","0","0","0","0","490","0","0","490","100"
"OCEANA","MI","2017","8","5","62.5","1","0","0","0","0","5","0","0","0","0","0","0","0","0","0","0","0","0","0","0","490","0","0","490","100"
"OCONTO","WI","2018","1","0","0","0","0","0","0","0","0","0","0","0","0","0","0","0","0","0","0","0","0","0","0","0","0","0","0","0"
"OCONTO","WI","2017","1","0","0","0","0","0","0","0","0","0","0","0","0","0","0","0","0","0","0","0","0","0","0","0","0","0","0","0"
"OKALOOSA","FL","2018","23","12","52.17","29","12","12","100","10","2","83.33","25","0","0","0","0","0","0","0","0","23","92","2","8","2928","482","16.46","2446","83.54"
"OKALOOSA","FL","2017","23","12","52.17","29","12","12","100","11","1","91.67","26","0","0","0","0","0","0","0","0","25","96.15","1","3.85","2928","465","15.88","2463","84.12"
"ONSLOW","NC","2018","14","14","100","25","8","8","100","1","13","7.14","1","0","0","0","0","0","0","0","0","1","100","0","0","2996","16",".53","2980","99.47"
"ONSLOW","NC","2017","14","14","100","25","8","8","100","0","14","0","0","0","0","0","0","0","0","0","0","0","0","0","0","2996","0","0","2996","100"
"ONTONAGON","MI","2018","10","2","20","2","0","0","0","2","0","100","8","0","0","4","50","0","0","1","12.5","3","37.5","0","0","210","17","8.1","193","91.9"
"ONTONAGON","MI","2017","10","2","20","2","0","0","0","0","2","0","0","0","0","0","0","0","0","0","0","0","0","0","0","210","0","0","210","100"
"ORANGE","CA","2018","23","23","100","128","23","23","100","22","1","95.65","435","0","0","65","14.94","80","18.39","222","51.03","56","12.87","12","2.76","8372","2490","29.74","5890","70.35"
"ORANGE","CA","2017","22","22","100","125","22","22","100","21","1","95.45","307","0","0","44","14.33","70","22.8","112","36.48","69","22.48","12","3.91","8008","2166","27.05","5842","72.95"
"OSWEGO","NY","2018","8","8","100","3","3","3","100","6","2","75","6","0","0","0","0","3","50","2","33.33","1","16.67","0","0","746","28","3.75","718","96.25"
"OSWEGO","NY","2017","7","7","100","3","2","2","100","1","6","14.29","1","0","0","0","0","1","100","0","0","0","0","0","0","673","2",".3","671","99.7"
"OTTAWA","OH","2018","7","7","100","3","5","5","100","5","2","71.43","12","0","0","4","33.33","4","33.33","2","16.67","2","16.67","0","0","714","41","5.74","673","94.26"
"OTTAWA","MI","2018","11","5","45.45","1","1","1","100","0","5","0","0","0","0","0","0","0","0","0","0","0","0","0","0","455","0","0","455","100"
"OTTAWA","MI","2017","11","5","45.45","1","1","1","100","0","5","0","0","0","0","0","0","0","0","0","0","0","0","0","0","455","0","0","455","100"
"OTTAWA","OH","2017","7","7","100","3","5","5","100","6","1","85.71","13","0","0","0","0","6","46.15","6","46.15","1","7.69","0","0","714","44","6.16","670","93.84"
"OZAUKEE","WI","2018","11","5","45.45","2","2","2","100","5","0","100","10","0","0","6","60","0","0","4","40","0","0","0","0","490","25","5.1","465","94.9"
"OZAUKEE","WI","2017","11","5","45.45","2","2","2","100","4","1","80","14","0","0","5","35.71","0","0","9","64.29","0","0","0","0","490","46","9.39","444","90.61"
"PACIFIC","WA","2018","57","0","0","0","0","0","0","0","0","0","0","0","0","0","0","0","0","0","0","0","0","0","0","0","0","0","0","0"
"PACIFIC","WA","2017","57","0","0","0","0","0","0","0","0","0","0","0","0","0","0","0","0","0","0","0","0","0","0","0","0","0","0","0"
"PALM BEACH","FL","2018","24","13","54.17","17","13","13","100","8","5","61.54","14","0","0","0","0","11","78.57","3","21.43","0","0","0","0","4612","36",".78","4576","99.22"
"PALM BEACH","FL","2017","24","13","54.17","17","13","13","100","12","1","92.31","28","0","0","15","53.57","6","21.43","3","10.71","4","14.29","0","0","4612","87","1.89","4525","98.11"
"PAMLICO","NC","2018","9","9","100","3","0","0","0","3","6","33.33","4","0","0","4","100","0","0","0","0","0","0","0","0","1926","4",".21","1922","99.79"
"PAMLICO","NC","2017","9","9","100","3","0","0","0","3","6","33.33","4","0","0","1","25","0","0","3","75","0","0","0","0","1926","13",".67","1913","99.33"
"PASCO","FL","2018","7","5","71.43","2","5","5","100","5","0","100","11","0","0","0","0","0","0","1","9.09","9","81.82","1","9.09","1220","174","14.26","1046","85.74"
"PASCO","FL","2017","7","5","71.43","2","5","5","100","5","0","100","7","0","0","0","0","0","0","1","14.29","4","57.14","2","28.57","1220","233","19.1","987","80.9"
"PATILLAS","PR","2018","1","1","100","0","1","1","100","1","0","100","5","0","0","0","0","0","0","4","80","1","20","0","0","364","40","10.99","324","89.01"
"PATILLAS","PR","2017","1","1","100","0","1","1","100","1","0","100","5","0","0","1","20","0","0","3","60","1","20","0","0","364","35","9.62","329","90.38"
"PENDER","NC","2018","7","7","100","15","6","6","100","1","6","14.29","2","0","0","1","50","0","0","0","0","1","50","0","0","1498","16","1.07","1482","98.93"
"PENDER","NC","2017","7","7","100","15","6","6","100","0","7","0","0","0","0","0","0","0","0","0","0","0","0","0","0","1498","0","0","1498","100"
"PETERSBURG","AK","2018","1","1","100","1","1","1","100","0","1","0","0","0","0","0","0","0","0","0","0","0","0","0","0","133","0","0","133","100"
"PETERSBURG","AK","2017","1","1","100","1","1","1","100","0","1","0","0","0","0","0","0","0","0","0","0","0","0","0","0","133","0","0","133","100"
"PIERCE","WA","2018","113","8","7.08","10","9","8","88.89","0","8","0","0","0","0","0","0","0","0","0","0","0","0","0","0","475","0","0","475","100"
"PIERCE","WA","2017","113","8","7.08","10","9","8","88.89","0","8","0","0","0","0","0","0","0","0","0","0","0","0","0","0","475","0","0","475","100"
"PINELLAS","FL","2018","46","11","23.91","13","11","11","100","7","4","63.64","7","0","0","0","0","0","0","7","100","0","0","0","0","4004","21",".52","3983","99.48"
"PINELLAS","FL","2017","46","11","23.91","13","11","11","100","1","10","9.09","1","0","0","0","0","0","0","1","100","0","0","0","0","4004","5",".12","3999","99.88"
"PLYMOUTH","MA","2018","62","62","100","21","0","0","0","4","58","6.45","5","0","0","2","40","2","40","1","20","0","0","0","0","6076","13",".21","6063","99.79"
"PLYMOUTH","MA","2017","62","62","100","21","0","0","0","18","44","29.03","20","0","0","3","15","14","70","3","15","0","0","0","0","6076","48",".79","6028","99.21"
"PONCE","PR","2018","1","1","100","0","1","1","100","1","0","100","1","0","0","0","0","0","0","1","100","0","0","0","0","364","5","1.37","359","98.63"
"PONCE","PR","2017","1","1","100","0","1","1","100","1","0","100","2","0","0","1","50","0","0","1","50","0","0","0","0","364","7","1.92","357","98.08"
"PORTER","IN","2018","7","6","85.71","4","2","2","100","6","0","100","30","0","0","24","80","6","20","0","0","0","0","0","0","604","36","5.96","568","94.04"
"PORTER","IN","2017","7","6","85.71","4","2","2","100","6","0","100","23","0","0","21","91.3","2","8.7","0","0","0","0","0","0","604","25","4.14","579","95.86"
"PRESQUE ISLE","MI","2018","20","0","0","0","0","0","0","0","0","0","0","0","0","0","0","0","0","0","0","0","0","0","0","0","0","0","0","0"
"PRESQUE ISLE","MI","2017","20","0","0","0","0","0","0","0","0","0","0","0","0","0","0","0","0","0","0","0","0","0","0","0","0","0","0","0"
"PROVIDENCE","RI","2018","10","10","100","0","3","3","100","0","10","0","0","0","0","0","0","0","0","0","0","0","0","0","0","990","0","0","990","100"
"PROVIDENCE","RI","2017","10","10","100","0","3","3","100","0","10","0","0","0","0","0","0","0","0","0","0","0","0","0","0","990","0","0","990","100"
"QUEEN ANNE'S","MD","2018","1","1","100","0","0","0","0","1","0","100","1","0","0","0","0","0","0","1","100","0","0","0","0","98","4","4.08","94","95.92"
"QUEEN ANNE'S","MD","2017","1","1","100","0","0","0","0","0","1","0","0","0","0","0","0","0","0","0","0","0","0","0","0","98","0","0","98","100"
"QUEENS","NY","2018","5","5","100","10","2","2","100","3","2","60","25","0","0","4","16","8","32","10","40","3","12","0","0","544","100","18.38","444","81.62"
"QUEENS","NY","2017","5","5","100","10","2","2","100","2","3","40","10","0","0","2","20","2","20","2","20","2","20","2","20","544","186","34.19","358","65.81"
"RACINE","WI","2018","5","5","100","1","2","2","100","3","2","60","23","0","0","22","95.65","1","4.35","0","0","0","0","0","0","490","24","4.9","466","95.1"
"RACINE","WI","2017","5","5","100","1","2","2","100","2","3","40","6","0","0","6","100","0","0","0","0","0","0","0","0","490","6","1.22","484","98.78"
"REFUGIO","TX","2018","1","0","0","0","0","0","0","0","0","0","0","0","0","0","0","0","0","0","0","0","0","0","0","0","0","0","0","0"
"REFUGIO","TX","2017","1","0","0","0","0","0","0","0","0","0","0","0","0","0","0","0","0","0","0","0","0","0","0","0","0","0","0","0"
"RICHMOND","NY","2018","4","4","100","3","1","1","100","3","1","75","10","0","0","1","10","4","40","3","30","2","20","0","0","424","50","11.79","374","88.21"
"RICHMOND","NY","2017","4","4","100","3","1","1","100","4","0","100","5","0","0","0","0","5","100","0","0","0","0","0","0","424","10","2.36","414","97.64"
"RINCON","PR","2018","1","1","100","0","1","1","100","1","0","100","1","0","0","0","0","0","0","1","100","0","0","0","0","364","5","1.37","359","98.63"
"RINCON","PR","2017","1","1","100","0","1","1","100","1","0","100","3","0","0","0","0","0","0","1","33.33","2","66.67","0","0","364","26","7.14","338","92.86"
"ROCKINGHAM","NH","2018","16","16","100","9","6","6","100","8","8","50","11","0","0","1","9.09","5","45.45","4","36.36","1","9.09","0","0","1568","37","2.36","1531","97.64"
"ROCKINGHAM","NH","2017","16","16","100","9","6","6","100","7","9","43.75","9","0","0","1","11.11","6","66.67","2","22.22","0","0","0","0","1568","21","1.34","1547","98.66"
"ROTA","MP","2018","18","18","100","1","18","18","100","0","18","0","0","0","0","0","0","0","0","0","0","0","0","0","0","6552","0","0","6552","100"
"ROTA","MP","2017","18","18","100","1","18","18","100","6","12","33.33","23","0","0","0","0","23","100","0","0","0","0","0","0","6552","46",".7","6506","99.3"
"SAGADAHOC","ME","2018","10","6","60","2","1","1","100","2","4","33.33","2","0","0","1","50","1","50","0","0","0","0","0","0","588","3",".51","585","99.49"
"SAGADAHOC","ME","2017","7","6","85.71","2","1","1","100","0","6","0","0","0","0","0","0","0","0","0","0","0","0","0","0","588","0","0","588","100"
"SAIPAN","MP","2018","58","58","100","3","58","58","100","0","58","0","0","0","0","0","0","0","0","0","0","0","0","0","0","21112","0","0","21112","100"
"SAIPAN","MP","2017","58","58","100","3","58","58","100","36","22","62.07","169","0","0","0","0","169","100","0","0","0","0","0","0","21112","338","1.6","20774","98.4"
"SALEM","NJ","2018","3","0","0","0","0","0","0","0","0","0","0","0","0","0","0","0","0","0","0","0","0","0","0","0","0","0","0","0"
"SALINAS","PR","2018","1","1","100","0","1","1","100","1","0","100","1","0","0","0","0","0","0","1","100","0","0","0","0","364","5","1.37","359","98.63"
"SALINAS","PR","2017","1","1","100","0","1","1","100","1","0","100","2","0","0","1","50","0","0","1","50","0","0","0","0","364","6","1.65","358","98.35"
"SAN DIEGO","CA","2018","57","57","100","93","57","57","100","48","9","84.21","606","0","0","61","10.07","24","3.96","503","83","15","2.48","3",".5","20750","2320","11.18","18430","88.82"
"SAN DIEGO","CA","2017","56","56","100","92","56","56","100","51","5","91.07","497","0","0","38","7.65","29","5.84","370","74.45","58","11.67","2",".4","20386","2233","10.95","18153","89.05"
"SAN FRANCISCO","CA","2018","8","8","100","10","8","8","100","8","0","100","93","0","0","43","46.24","24","25.81","24","25.81","2","2.15","0","0","2912","211","7.25","2701","92.75"
"SAN FRANCISCO","CA","2017","8","8","100","10","8","8","100","8","0","100","98","0","0","46","46.94","26","26.53","25","25.51","1","1.02","0","0","2912","221","7.59","2691","92.41"
"SAN JUAN","PR","2018","4","4","100","2","4","4","100","3","1","75","3","0","0","0","0","0","0","2","66.67","1","33.33","0","0","1456","22","1.51","1434","98.49"
"SAN JUAN","WA","2018","214","0","0","0","0","0","0","0","0","0","0","0","0","0","0","0","0","0","0","0","0","0","0","0","0","0","0","0"
"SAN JUAN","WA","2017","214","0","0","0","0","0","0","0","0","0","0","0","0","0","0","0","0","0","0","0","0","0","0","0","0","0","0","0"
"SAN JUAN","PR","2017","4","4","100","2","4","4","100","3","1","75","6","0","0","0","0","0","0","3","50","3","50","0","0","1456","58","3.98","1398","96.02"
"SAN LUIS OBISPO","CA","2018","11","11","100","21","11","11","100","10","1","90.91","92","0","0","27","29.35","5","5.43","50","54.35","10","10.87","0","0","4004","367","9.17","3637","90.83"
"SAN LUIS OBISPO","CA","2017","11","11","100","21","11","11","100","10","1","90.91","89","0","0","28","31.46","3","3.37","28","31.46","30","33.71","0","0","4004","494","12.34","3510","87.66"
"SAN MATEO","CA","2018","20","20","100","12","20","20","100","19","1","95","131","0","0","1",".76","0","0","33","25.19","81","61.83","16","12.21","7280","2932","40.27","4528","62.2"
"SAN MATEO","CA","2017","20","20","100","12","20","20","100","20","0","100","346","0","0","3",".87","3",".87","60","17.34","279","80.64","1",".29","7280","3455","47.46","3874","53.21"
"SAN PATRICIO","TX","2018","6","1","16.67","0","0","0","0","1","0","100","6","0","0","3","50","3","50","0","0","0","0","0","0","364","9","2.47","355","97.53"
"SAN PATRICIO","TX","2017","6","1","16.67","0","0","0","0","1","0","100","1","0","0","0","0","1","100","0","0","0","0","0","0","364","2",".55","362","99.45"
"SANILAC","MI","2018","12","5","41.67","0","0","0","0","4","1","80","5","0","0","1","20","3","60","1","20","0","0","0","0","470","10","2.13","460","97.87"
"SANILAC","MI","2017","12","5","41.67","0","0","0","0","2","3","40","2","0","0","1","50","1","50","0","0","0","0","0","0","470","3",".64","467","99.36"
"SANTA BARBARA","CA","2018","15","15","100","17","15","15","100","15","0","100","63","0","0","0","0","13","20.63","35","55.56","10","15.87","5","7.94","5460","753","13.79","4707","86.21"
"SANTA BARBARA","CA","2017","15","15","100","17","15","15","100","15","0","100","66","0","0","6","9.09","3","4.55","40","60.61","17","25.76","0","0","5460","434","7.95","5026","92.05"
"SANTA CRUZ","CA","2018","21","21","100","14","21","21","100","1","20","4.76","1","0","0","0","0","0","0","1","100","0","0","0","0","4473","3",".07","4470","99.93"
"SANTA CRUZ","CA","2017","21","21","100","14","21","21","100","20","1","95.24","71","0","0","1","1.41","46","64.79","1","1.41","22","30.99","1","1.41","4473","682","15.25","3791","84.75"
"SANTA ISABEL","PR","2018","1","1","100","0","1","1","100","0","1","0","0","0","0","0","0","0","0","0","0","0","0","0","0","365","0","0","365","100"
"SANTA ISABEL","PR","2017","1","1","100","0","1","1","100","0","1","0","0","0","0","0","0","0","0","0","0","0","0","0","0","365","0","0","365","100"
"SANTA ROSA","FL","2018","10","5","50","19","5","5","100","0","5","0","0","0","0","0","0","0","0","0","0","0","0","0","0","1220","0","0","1220","100"
"SANTA ROSA","FL","2017","10","5","50","19","5","5","100","0","5","0","0","0","0","0","0","0","0","0","0","0","0","0","0","1220","0","0","1220","100"
"SARASOTA","FL","2018","34","16","47.06","19","16","16","100","15","1","93.75","29","0","0","8","27.59","3","10.34","17","58.62","1","3.45","0","0","5824","87","1.49","5737","98.51"
"SARASOTA","FL","2017","34","16","47.06","19","16","16","100","3","13","18.75","3","0","0","3","100","0","0","0","0","0","0","0","0","5824","3",".05","5821","99.95"
"SCHOOLCRAFT","MI","2018","9","2","22.22","1","2","2","100","0","2","0","0","0","0","0","0","0","0","0","0","0","0","0","0","210","0","0","210","100"
"SCHOOLCRAFT","MI","2017","9","2","22.22","1","2","2","100","2","0","100","4","0","0","3","75","0","0","0","0","1","25","0","0","210","11","5.24","199","94.76"
"SHEBOYGAN","WI","2018","15","7","46.67","4","5","5","100","7","0","100","32","0","0","13","40.63","5","15.63","13","40.63","1","3.13","0","0","686","96","13.99","590","86.01"
"SHEBOYGAN","WI","2017","15","7","46.67","4","5","5","100","5","2","71.43","29","0","0","18","62.07","3","10.34","8","27.59","0","0","0","0","686","50","7.29","636","92.71"
"SKAGIT","WA","2018","65","1","1.54","1","1","1","100","1","0","100","1","0","0","0","0","1","100","0","0","0","0","0","0","105","2","1.9","103","98.1"
"SKAGIT","WA","2017","65","1","1.54","1","1","1","100","1","0","100","1","0","0","0","0","0","0","1","100","0","0","0","0","105","6","5.71","99","94.29"
"SNOHOMISH","WA","2018","39","7","17.95","8","7","7","100","0","7","0","1","0","0","0","0","0","0","0","0","0","0","1","100","679","0","0","679","100"
"SNOHOMISH","WA","2017","39","7","17.95","8","7","7","100","0","7","0","1","0","0","0","0","0","0","0","0","0","0","1","100","679","0","0","679","100"
"SOMERSET","MD","2018","1","1","100","0","0","0","0","0","1","0","0","0","0","0","0","0","0","0","0","0","0","0","0","98","0","0","98","100"
"SOMERSET","MD","2017","1","1","100","0","0","0","0","0","1","0","0","0","0","0","0","0","0","0","0","0","0","0","0","98","0","0","98","100"
"SONOMA","CA","2018","6","6","100","5","6","6","100","0","6","0","0","0","0","0","0","0","0","0","0","0","0","0","0","1278","0","0","1278","100"
"SONOMA","CA","2017","6","6","100","5","6","6","100","0","6","0","0","0","0","0","0","0","0","0","0","0","0","0","0","1278","0","0","1278","100"
"ST. CLAIR","MI","2018","15","8","53.33","3","5","5","100","6","2","75","14","0","0","9","64.29","5","35.71","0","0","0","0","0","0","872","19","2.18","853","97.82"
"ST. CLAIR","MI","2017","15","8","53.33","3","5","5","100","0","8","0","0","0","0","0","0","0","0","0","0","0","0","0","0","872","0","0","872","100"
"ST. CROIX ISLAND","VI","2018","19","19","100","1","16","16","100","16","3","84.21","38","0","0","0","0","0","0","38","100","0","0","0","0","6916","129","1.87","6787","98.13"
"ST. CROIX ISLAND","VI","2017","20","20","100","1","17","17","100","15","5","75","36","0","0","0","0","0","0","36","100","0","0","0","0","7280","108","1.48","7172","98.52"
"ST. JOHN","VI","2018","1","1","100","5","1","1","100","0","1","0","0","0","0","0","0","0","0","0","0","0","0","0","0","365","0","0","365","100"
"ST. JOHN","VI","2017","1","1","100","5","1","1","100","0","1","0","0","0","0","0","0","0","0","0","0","0","0","0","0","365","0","0","365","100"
"ST. JOHN ISLAND","VI","2018","7","7","100","0","4","4","100","5","2","71.43","29","0","0","0","0","0","0","29","100","0","0","0","0","2548","92","3.61","2456","96.39"
"ST. JOHN ISLAND","VI","2017","7","7","100","0","4","4","100","5","2","71.43","21","0","0","0","0","0","0","21","100","0","0","0","0","2548","63","2.47","2485","97.53"
"ST. JOHNS","FL","2018","8","6","75","27","6","6","100","0","6","0","0","0","0","0","0","0","0","0","0","0","0","0","0","1464","0","0","1464","100"
"ST. JOHNS","FL","2017","8","6","75","27","6","6","100","1","5","16.67","1","0","0","0","0","1","100","0","0","0","0","0","0","1464","2",".14","1462","99.86"
"ST. LOUIS","MN","2018","34","16","47.06","12","8","8","100","10","6","62.5","19","0","0","4","21.05","8","42.11","4","21.05","2","10.53","1","5.26","1419","93","6.55","1326","93.45"
"ST. LOUIS","MN","2017","34","16","47.06","12","8","8","100","11","5","68.75","26","0","0","10","38.46","6","23.08","5","19.23","5","19.23","0","0","1419","142","10.01","1277","89.99"
"ST. LUCIE","FL","2018","25","5","20","6","5","5","100","0","5","0","0","0","0","0","0","0","0","0","0","0","0","0","0","1820","0","0","1820","100"
"ST. LUCIE","FL","2017","25","5","20","6","5","5","100","4","1","80","6","0","0","0","0","2","33.33","1","16.67","3","50","0","0","1820","34","1.87","1786","98.13"
"ST. MARY","LA","2018","1","1","100","0","1","1","100","1","0","100","4","0","0","0","0","0","0","0","0","3","75","1","25","183","93","50.82","90","49.18"
"ST. MARY","LA","2017","1","1","100","0","1","1","100","1","0","100","7","0","0","0","0","0","0","3","42.86","3","42.86","1","14.29","183","92","50.27","91","49.73"
"ST. MARY'S","MD","2018","2","2","100","0","2","2","100","0","2","0","0","0","0","0","0","0","0","0","0","0","0","0","0","196","0","0","196","100"
"ST. MARY'S","MD","2017","2","2","100","0","2","2","100","1","1","50","1","0","0","0","0","0","0","1","100","0","0","0","0","196","3","1.53","193","98.47"
"ST. TAMMANY","LA","2018","1","1","100","0","1","1","100","1","0","100","5","0","0","1","20","0","0","1","20","1","20","2","40","183","118","64.48","65","35.52"
"ST. TAMMANY","LA","2017","1","1","100","0","1","1","100","1","0","100","2","0","0","0","0","0","0","0","0","1","50","1","50","183","98","53.55","85","46.45"
"ST. THOMAS ISLAND","VI","2018","16","16","100","1","14","14","100","15","1","93.75","107","0","0","0","0","0","0","107","100","0","0","0","0","5824","336","5.77","5488","94.23"
"ST. THOMAS ISLAND","VI","2017","16","16","100","1","14","14","100","12","4","75","57","0","0","0","0","0","0","57","100","0","0","0","0","5824","171","2.94","5653","97.06"
"SUFFOLK","MA","2018","18","18","100","8","3","3","100","9","9","50","48","0","0","32","66.67","5","10.42","10","20.83","0","0","1","2.08","1764","136","7.71","1628","92.29"
"SUFFOLK","NY","2018","190","189","99.47","41","23","23","100","74","115","39.15","587","0","0","267","45.49","174","29.64","138","23.51","7","1.19","1",".17","19294","1252","6.49","18042","93.51"
"SUFFOLK","MA","2017","18","18","100","8","3","3","100","6","12","33.33","43","0","0","25","58.14","6","13.95","12","27.91","0","0","0","0","1764","90","5.1","1674","94.9"
"SUFFOLK","NY","2017","189","188","99.47","41","22","22","100","73","115","38.83","358","0","0","112","31.28","214","59.78","29","8.1","2",".56","1",".28","19185","749","3.9","18436","96.1"
"SUSSEX","DE","2018","21","21","100","21","13","13","100","3","18","14.29","3","0","0","3","100","0","0","0","0","0","0","0","0","2531","3",".12","2528","99.88"
"SUSSEX","DE","2017","21","21","100","21","13","13","100","4","17","19.05","4","0","0","4","100","0","0","0","0","0","0","0","0","2531","4",".16","2527","99.84"
"TAYLOR","FL","2018","2","0","0","0","0","0","0","0","0","0","0","0","0","0","0","0","0","0","0","0","0","0","0","0","0","0","0","0"
"TAYLOR","FL","2017","2","0","0","0","0","0","0","0","0","0","0","0","0","0","0","0","0","0","0","0","0","0","0","0","0","0","0","0"
"TEST","CN","2018","2","2","100","200","2","2","100","0","2","0","0","0","0","0","0","0","0","0","0","0","0","0","0","333","0","0","333","100"
"TEST","CN","2017","2","2","100","200","2","2","100","0","2","0","0","0","0","0","0","0","0","0","0","0","0","0","0","333","0","0","333","100"
"THURSTON","WA","2018","34","2","5.88","2","2","2","100","1","1","50","2","0","0","0","0","0","0","0","0","0","0","2","100","210","364","173.33","105","50"
"THURSTON","WA","2017","34","2","5.88","2","2","2","100","1","1","50","2","0","0","0","0","0","0","0","0","0","0","2","100","210","364","173.33","105","50"
"TILLAMOOK","OR","2018","10","4","40","8","3","3","100","2","2","50","2","0","0","0","0","1","50","1","50","0","0","0","0","408","9","2.21","399","97.79"
"TILLAMOOK","OR","2017","10","4","40","8","3","3","100","0","4","0","0","0","0","0","0","0","0","0","0","0","0","0","0","408","0","0","408","100"
"TINIAN","MP","2018","7","7","100","0","7","7","100","0","7","0","0","0","0","0","0","0","0","0","0","0","0","0","0","2548","0","0","2548","100"
"TINIAN","MP","2017","7","7","100","0","7","7","100","5","2","71.43","5","0","0","0","0","5","100","0","0","0","0","0","0","2548","10",".39","2538","99.61"
"TOA BAJA","PR","2018","1","1","100","1","1","1","100","1","0","100","3","0","0","0","0","0","0","3","100","0","0","0","0","364","17","4.67","347","95.33"
"TOA BAJA","PR","2017","1","1","100","1","1","1","100","1","0","100","6","0","0","0","0","0","0","3","50","3","50","0","0","364","49","13.46","315","86.54"
"VAN BUREN","MI","2018","4","0","0","0","0","0","0","0","0","0","0","0","0","0","0","0","0","0","0","0","0","0","0","0","0","0","0","0"
"VAN BUREN","MI","2017","4","0","0","0","0","0","0","0","0","0","0","0","0","0","0","0","0","0","0","0","0","0","0","0","0","0","0","0"
"VEGA BAJA","PR","2018","1","1","100","0","1","1","100","1","0","100","1","0","0","0","0","0","0","1","100","0","0","0","0","364","6","1.65","358","98.35"
"VEGA BAJA","PR","2017","1","1","100","0","1","1","100","1","0","100","5","0","0","0","0","0","0","2","40","3","60","0","0","364","57","15.66","307","84.34"
"VENTURA","CA","2018","27","27","100","21","27","27","100","27","0","100","140","0","0","8","5.71","1",".71","63","45","68","48.57","0","0","9828","1330","13.53","8498","86.47"
"VENTURA","CA","2017","27","27","100","21","27","27","100","27","0","100","215","0","0","4","1.86","30","13.95","86","40","95","44.19","0","0","9828","1451","14.76","8377","85.24"
"VIRGINIA BEACH","VA","2018","22","22","100","24","22","22","100","5","17","22.73","6","0","0","5","83.33","0","0","1","16.67","0","0","0","0","3366","12",".36","3354","99.64"
"VIRGINIA BEACH","VA","2017","22","22","100","24","22","22","100","7","15","31.82","13","0","0","12","92.31","1","7.69","0","0","0","0","0","0","3366","14",".42","3352","99.58"
"VOLUSIA","FL","2018","16","13","81.25","38","14","13","92.86","3","10","23.08","3","0","0","0","0","1","33.33","2","66.67","0","0","0","0","4732","10",".21","4722","99.79"
"VOLUSIA","FL","2017","16","13","81.25","38","14","13","92.86","1","12","7.69","1","0","0","1","100","0","0","0","0","0","0","0","0","4732","1",".02","4731","99.98"
"WAKULLA","FL","2018","2","2","100","9","2","2","100","0","2","0","0","0","0","0","0","0","0","0","0","0","0","0","0","488","0","0","488","100"
"WAKULLA","FL","2017","2","2","100","9","2","2","100","1","1","50","1","0","0","0","0","0","0","1","100","0","0","0","0","488","5","1.02","483","98.98"
"WALDO","ME","2018","2","1","50","0","1","1","100","1","0","100","3","0","0","0","0","1","33.33","0","0","2","66.67","0","0","98","19","19.39","79","80.61"
"WALDO","ME","2017","2","1","50","0","1","1","100","1","0","100","2","0","0","0","0","1","50","1","50","0","0","0","0","98","6","6.12","92","93.88"
"WALTON","FL","2018","12","7","58.33","20","7","7","100","6","1","85.71","16","0","0","0","0","0","0","14","87.5","2","12.5","0","0","1708","109","6.38","1599","93.62"
"WALTON","FL","2017","12","7","58.33","20","7","7","100","2","5","28.57","2","0","0","0","0","0","0","2","100","0","0","0","0","1708","12",".7","1696","99.3"
"WASHINGTON","RI","2018","24","24","100","8","6","6","100","0","24","0","0","0","0","0","0","0","0","0","0","0","0","0","0","2393","0","0","2393","100"
"WASHINGTON","ME","2018","5","0","0","0","0","0","0","0","0","0","0","0","0","0","0","0","0","0","0","0","0","0","0","0","0","0","0","0"
"WASHINGTON","RI","2017","24","24","100","8","6","6","100","0","24","0","0","0","0","0","0","0","0","0","0","0","0","0","0","2393","0","0","2393","100"
"WAYNE","MI","2018","2","1","50","0","1","1","100","1","0","100","1","0","0","0","0","1","100","0","0","0","0","0","0","101","2","1.98","99","98.02"
"WAYNE","NY","2018","3","1","33.33","0","0","0","0","0","1","0","0","0","0","0","0","0","0","0","0","0","0","0","0","100","0","0","100","100"
"WAYNE","NY","2017","3","1","33.33","0","0","0","0","1","0","100","1","0","0","1","100","0","0","0","0","0","0","0","0","100","1","1","99","99"
"WAYNE","MI","2017","2","1","50","0","1","1","100","0","1","0","2","0","0","0","0","0","0","2","100","0","0","0","0","101","0","0","101","100"
"WESTCHESTER","NY","2018","22","22","100","9","15","15","100","12","10","54.55","81","0","0","13","16.05","32","39.51","36","44.44","0","0","0","0","2204","185","8.39","2019","91.61"
"WESTCHESTER","NY","2017","22","22","100","9","15","15","100","16","6","72.73","79","0","0","0","0","60","75.95","19","24.05","0","0","0","0","2204","177","8.03","2027","91.97"
"WESTERN DISTRICT","AS","2018","7","7","100","1","0","0","0","5","2","71.43","74","0","0","0","0","1","1.35","73","98.65","0","0","0","0","2548","507","19.9","2041","80.1"
"WESTERN DISTRICT","AS","2017","7","7","100","1","0","0","0","5","2","71.43","58","0","0","0","0","0","0","58","100","0","0","0","0","2548","396","15.54","2152","84.46"
"WHATCOM","WA","2018","55","4","7.27","4","4","4","100","1","3","25","1","0","0","0","0","0","0","0","0","0","0","1","100","420","364","86.67","315","75"
"WHATCOM","WA","2017","55","4","7.27","4","4","4","100","1","3","25","1","0","0","0","0","0","0","0","0","0","0","1","100","420","364","86.67","315","75"
"WILLACY","TX","2018","3","0","0","0","0","0","0","0","0","0","0","0","0","0","0","0","0","0","0","0","0","0","0","0","0","0","0","0"
"WILLACY","TX","2017","3","0","0","0","0","0","0","0","0","0","0","0","0","0","0","0","0","0","0","0","0","0","0","0","0","0","0","0"
"WORCESTER","MD","2018","10","10","100","12","10","10","100","0","10","0","0","0","0","0","0","0","0","0","0","0","0","0","0","980","0","0","980","100"
"WORCESTER","MD","2017","10","10","100","12","10","10","100","0","10","0","0","0","0","0","0","0","0","0","0","0","0","0","0","980","0","0","980","100"
"WRANGELL","AK","2018","2","2","100","2","0","0","0","0","2","0","0","0","0","0","0","0","0","0","0","0","0","0","0","102","0","0","102","100"
"WRANGELL","AK","2017","2","2","100","2","0","0","0","0","2","0","0","0","0","0","0","0","0","0","0","0","0","0","0","102","0","0","102","100"
"YABUCOA","PR","2018","1","1","100","0","1","1","100","1","0","100","10","0","0","0","0","0","0","4","40","6","60","0","0","364","105","28.85","259","71.15"
"YABUCOA","PR","2017","1","1","100","0","1","1","100","1","0","100","6","0","0","1","16.67","0","0","2","33.33","2","33.33","1","16.67","364","104","28.57","260","71.43"
"YORK","ME","2018","38","35","92.11","20","27","27","100","20","15","57.14","43","0","0","22","51.16","8","18.6","11","25.58","2","4.65","0","0","3430","96","2.8","3334","97.2"
"YORK","VA","2018","1","1","100","0","1","1","100","1","0","100","2","0","0","2","100","0","0","0","0","0","0","0","0","153","2","1.31","151","98.69"
"YORK","ME","2017","38","35","92.11","20","27","27","100","9","26","25.71","12","0","0","2","16.67","8","66.67","2","16.67","0","0","0","0","3430","26",".76","3404","99.24"
"YORK","VA","2017","1","1","100","0","1","1","100","1","0","100","2","0","0","2","100","0","0","0","0","0","0","0","0","153","2","1.31","151","98.69"
